"account","industry","score","tier","confidence","borderline","last_updated","ai_hiring_score","ai_hiring_conf","ai_hiring_src","ai_announce_score","ai_announce_conf","ai_announce_src","cloud_score","cloud_conf","cloud_src","global_score","global_conf","global_src","dc_score","dc_conf","dc_src"
"Microsoft","Technology","100","Tier 1","33","no","2026-09-28","100","0.3","","100","0.75","https://news.google.com/rss/articles/CBMikAFBVV95cUxOelNRbmg1M1hCMU9DVVZMYjdic0Yzb1RDb1RuYmg1MG40NHpZQml2eWZSM0JVMEFoQVdxczN5TjhKS0JSeVhiUnFSSjN0cHpIUHFyel9BU3NLb1c2VVhxN19WS2I5cE9mb21NSVIzYml6VEJkdjR0WnVXVTFKUWljSVYwMFpCWHhwenpkRzA3MDM?oc=5","100","0.3","","100","0.3","","100","0.3",""
"Amazon","Technology","100","Tier 1","33","no","2026-09-28","100","0.3","","100","0.75","https://news.google.com/rss/articles/CBMilwFBVV95cUxQbXpsNWh1cDF0aEVHajNxNTBUU1V5TWp1cFFCZmJYVGQ5bEJxT241cXd5Tmk4SGFYckpMdTU3cFZ3U1A4REtYcWtWc0M1RTlFeGc0d0VpR0dtOEVWd1c4QlZNdC1SbE0yV1RRUUlYWGNjbnhJalE0cEFlb25wa21EeXdFU3JYMk5PRW5adXBMLXg3TlRSUS1v0gGcAUFVX3lxTFBaTndFYldrdnVTaTU0dEFiZERuVEhBc3ZrOE5faHBDV0Q0WFZQdU56TlpOdlVyYzkwWEZUaTZBMzN0UVRlN3JGMnRFa2RiNE42MEEtVHR2VTkxWnJNdEYtQjFRczFBSExaSWtMMmZQMWplRnk1TEhzel80NXdxS0ZJODQyTG13QjdFWFpQbW1KejJ2bG1uM2VLVER4Xw?oc=5","100","0.3","","98","0.3","","100","0.3",""
"Alphabet (Google)","Technology","99","Tier 1","33","no","2026-09-28","100","0.3","","100","0.75","https://news.google.com/rss/articles/CBMiwwFBVV95cUxNdHJIclFMeThoczFfdjNPWGc0T0VCZWxINURralB2OEF4dEpHRndPcmRob0pESl9PdVhXYmMtd1JvdTZ3OFBublNSdFlBaTJnZUNnX2NDem5mdy02YTFFMTUwOEkyeVBhT3g2M0lwY3ZZSjNnNldMNnN1QmRseGdpUGRDX0k2N0lRY2JIUUZfT2dYNmI0dm1CQlQyS091NVduSWxsdjFYZDBwV0JFX0l5b0pLdkdtN0NvYUNCT04xNGhxNnM?oc=5","98","0.3","","100","0.3","","98","0.3",""
"Meta Platforms","Technology","96","Tier 1","33","no","2026-09-28","98","0.3","","100","0.75","https://news.google.com/rss/articles/CBMiywFBVV95cUxPWVZSNnJHbGFENnhFOExMZHlEdndHMW1TeXU4RUo0V2p1QmZmcnlUSGJ1akcxUU5NdlJBaWZTTEdiWGdLRlIwLVF5dFBaamVLRDBVd0VMT0hwZnAzMEdySEFkSTBiZUNKUG5KeTZqal9Ua3JsMTJmOHVwTE5PS2VFcGpHcUNkQ09WSW9tNHVOUnRYbmg5Y20wRmU0RU5HNHhmS2h3U2dCdnFLVGxzc2FpbWVzNnAyVXVWa2Z0OGlabFdwOXRpb3V6NUtmOA?oc=5","88","0.3","","92","0.3","","100","0.3",""
"Oracle","Technology","94","Tier 1","33","no","2026-09-28","90","0.3","","100","0.75","https://news.google.com/rss/articles/CBMixAFBVV95cUxQak1fNEtRazdLRG9WYzhfZWtLMENrWWhDSnhQOFlvd1VmMHZlVTVYVWQtSmFvazc2V2Z1TFlEWVZpcHhjT0lFWGVvVTV6MTk4UG13cFJvY1VqY2FxVUFmbGhiZTZPY1hpem9IYkhsM1VNaDZMYUJQWU5kQzE4Z2NkbVhQMVNRWTRNcXZ2eWRKSGF1VEhnaW51bG9VM0xwQk1lWlFiUDc0TldJdThrUkY3VHdJYVQ4d01TZENHN0dNTFdlTzdi?oc=5","96","0.3","","88","0.3","","98","0.3",""
"Palantir","Technology","94","Tier 1","33","no","2026-09-28","100","0.3","","100","0.75","https://news.google.com/rss/articles/CBMiwwFBVV95cUxPY0pITmhQTFBGY3ZXalk4UWRpNWp4ejNIMTBNZlNFd1hOSDgyMFNxeGl3ZEFjOGxHX0k3RVdscS1VNzF2elA5bW9BZGd2UDZhc3BFNkJpRTFTd3BBVVdfM2ZIQi1IeWs2Nk5PYWNKRHpFOUhEa3JkRGMzNWlUaS1KTFRuMzRxeTdVZGNlYnFiSUN1V0Z6NDJPVkY2Z0JOaXhIRXYzTVNiVGxNUzRrcklpZU1qcE5jWjFMbFl1Y1B5UEJoaHc?oc=5","100","0.3","","75","0.3","","85","0.3",""
"Apple","Technology","92","Tier 1","33","no","2026-09-28","92","0.3","","100","0.75","https://news.google.com/rss/articles/CBMihwFBVV95cUxNWUR5akhxZ0E1Q3hUV3V6U3hkVVcwMHlOR1RWSFlYM1BGTFg1QUdCMU1FckNlZnB3R1ZUMzRPN0VxeE0zUk1qRFY5T0tyUmZsUy1ZeXZNQ3V3MjJzZVI4MWdLMmZSRzBLNzlwUWptM3NkZEhBQzJXNWxuejlYbFg2Q1h3MWl3U00?oc=5","98","0.3","","87","0.3","","67","0.3",""
"Salesforce","Technology","92","Tier 1","33","no","2026-09-28","92","0.3","","100","0.75","https://news.google.com/rss/articles/CBMi5wFBVV95cUxPd2JNRkJCS1ZxZEh6M1NjSHB6cHFDM3NMdjRMbXZISGNaNGZuSHpuTHlyTDd4NkRiTU1ERXprdTdKaF9fV3ItUjRQekFfREJDMDFQY2k1VjJuTHJ4MFdLNnVYVC1kSnMzY3NfX1hjYTdLY3NGVTY3M1Y1TVJuN2ZORHpEYVJTTUtFYUZ0OHl5MFgzWVpWdUE2b3JtMTcwbmxMRmtMTXBRVVJleVlqWkh5VlZhYVJzT2VNY3dPUVVBQWZNYmkyLTBKbFo1cmVUZ3liTnVYRWc0ZFh4N0otdF9GZnJCNGNVLWM?oc=5","98","0.3","","87","0.3","","67","0.3",""
"Adobe","Technology","92","Tier 1","33","no","2026-09-28","92","0.3","","100","0.75","https://news.google.com/rss/articles/CBMiwwFBVV95cUxNbWxoZjN3ZF92U0dzWEd1RDZrRF9EVkd5cTZVYzAySTJ3VDVIc1FoaHBPUzFsRXpzVHJTQkEwZmpNS3lTZnpQNERSMW1zZzVYMGtaamRvSVdEM0ZfcUtZZDRJTzQ3NUJRUl9jbk1yRF9JUE9xTms5dE1HMmFicGxaTHdFQUFxZG8tUFhhekFCUGhWbXlvOVBUZkU3c1FmQy1tUUtCMHpXb0FkX0wtT2ROTDNfOWswZTVyWFhSSkRrX3NfZUk?oc=5","98","0.3","","87","0.3","","67","0.3",""
"SAP","Technology","92","Tier 1","33","no","2026-09-28","92","0.3","","100","0.75","https://news.google.com/rss/articles/CBMikwFBVV95cUxOLUxaZ0ZrWG1UeHNYR0JRczZlN2RSUGZfcklORUNUYkRBMFo3ZDFBTWRoTERjQkJBbDFxeTZWbHNqRTU4aEJMWGc2NjVjVmRRWVFXRXpfcVpMYjF5ZVU3bXE0WHJGYnZfOXFHOXNDYUZNMW9EVmVRM2x1RVZoaWtraGRQY1hZZldKcWNYOHJpaHAzY1k?oc=5","98","0.3","","87","0.3","","67","0.3",""
"Uber","Technology","92","Tier 1","32","no","2026-09-28","92","0.3","","100","0.75","https://news.google.com/rss/articles/CBMikAFBVV95cUxPM1VFUFo3QWxIS2lwSGRmS1ctTjFwbmhnUEFTMlhmWms5WDRBdm53dWtwdU9lejR4c08xdnU0Sy1qdnphUE5YTVdwYXJCVlNnQ2UwazJrYVp0alZ0czB2b3VNZjFQMGx1RzZXME5oVlV1TVVZQ3Rqc0FnQTR1ck9IZmZZSUxWcWxwVlZfTFREVUY?oc=5","98","0.3","","87","0.3","","67","0.3",""
"NVIDIA","Technology","92","Tier 1","33","no","2026-09-28","96","0.3","","100","0.75","https://news.google.com/rss/articles/CBMicEFVX3lxTE44cmVmSXJrWFJ1RkRhbWNrNmVfUGVqNkM3M1UwY09SREhJRUJPREMxZ0VOcjc0ZjN6c3BPbEFuaDVKVTJQbDRhRXdCazB6TG43eXlSeW5DNzd2MmdvOUg4S2d6TC1YbWM1RHN6QktBdVE?oc=5","82","0.3","","86","0.3","","95","0.3",""
"AMD","Technology","90","Tier 1","33","no","2026-09-28","90","0.3","","100","0.75","https://news.google.com/rss/articles/CBMikgFBVV95cUxQWmhRNXRnazRLRlVxVWdOV0I5TGxoZkkwM2JJTTVOMm5OTzRvUkJSdzFjQ0JldkdmRlMyVTFxbmZmT05tcy1IOS1mNnNUemYyeHphbm1vQk5YY3JjYWRONThxVEwzWjE3WWN1NFpNd1hzRjl2ZGZubGl0cTVGS2J1N1UtX3hMX1pPenpTdWNJbkNKZw?oc=5","76","0.3","","94","0.3","","84","0.3",""
"Broadcom","Technology","90","Tier 1","33","no","2026-09-28","90","0.3","","100","0.75","https://news.google.com/rss/articles/CBMiiwFBVV95cUxNUkFBVm1wSFR0cEpoMEFsc1BaenE0N3RYOExOYW9lQmZ1QXd3Z3R0elg0bE5HOGxVSFEtd3QycDFiQ3RMX2sxWEpKZEU2bTk4T1g3MldBUGgzTFVzS25KUE5HdTFoZUMtRkd6Vl85VmpPOUlQN0JiUGlvaVB3UmU2OGJreFRuZWI0Ylo0?oc=5","76","0.3","","94","0.3","","84","0.3",""
"Qualcomm","Technology","90","Tier 1","33","no","2026-09-28","90","0.3","","100","0.75","https://news.google.com/rss/articles/CBMilwFBVV95cUxOLWcyUnQ0X19YOGhVclN1UjZYSEd0OXp6YXpDU3NtWDNONWhrY1hYR3hBWEE2MTNLZDIzQ3dHTkg4bzdSRS1aNEtEUWotYUtTT1VqRFk5YlFYVWpsaDJqLWdYUElDZ1dPVHRDYTlRVTRwNzRpN1hSLXF3cG1aaEJzM0w4Y3p5aGxuMlU4cWdGV2tLV3VXNzV3?oc=5","76","0.3","","94","0.3","","84","0.3",""
"Dell Technologies","Technology","90","Tier 1","33","no","2026-09-28","90","0.3","","100","0.75","https://news.google.com/rss/articles/CBMimAFBVV95cUxPdVhERXluclhvUFlnWF9hTjBSTEstX0oxVjkxcmNnTHZ2d1d0TGhsZ3d5RHR2a25kNU80VG5aa295b3Z5QzhKdWpGbGpnWTRHeUVxR3cwVksyUUNNazlEMy1RRnZKc0RNQ0dndFFFWjhHbWJXS1Fic1VFSmRHSHpSSEo1eEdSTjcxOEZtWTV0UHJ5eF80bGtWRg?oc=5","76","0.3","","94","0.3","","84","0.3",""
"Hewlett Packard Enterprise","Technology","90","Tier 1","33","no","2026-09-28","90","0.3","","100","0.75","https://news.google.com/rss/articles/CBMi1AFBVV95cUxPMVB4eldQelk2eHlmT0FNaldZZ1BZSW85SEJBWUZyTTdsSWJvMERSY2RuNmR4X0dPVVhtUFRaMEg3eGdWS0NBQVg4UzViRURLc0xxdXg5Y0kzRlZpdnJJclA1bWdoZTRuSDItYVhkNGR2cFhSQ05CdThHYm16MVNKMW11VktFNlZFVjZ2UC1MRHM5ajgxVTQwUWd6R0kzSmZXQW9Yd2Y1eFpEMzFFT3IyZURJWGFETUhBTEZOSkpnbUtoYVgxZkt5TVZXUXpLU2lqSlRMctIB2gFBVV95cUxNbTVFcVpsZU5WMlRmam12eWdkS1ZDMGFKWXNpXzdrUjBKc05xeXpZU3NTWjd5cHIxY0lWOXQ1WXpscUlSM1JMaHItM2ZRcjRVU0tlV0VuRVcyQm5XbG8wODlOYjFZSUZlY1VidE9lRWk3dVNaYTE4cUN2RWNjd25mcm1hVEJ5TUxqYXd6VEdjczBUUDJVUkhaSE1hYjZDeU5EdXJyenJfb0dYQXpZQURqSHhfREU2Y0lQeUNWYTdwZkFhNXlXRTNNSEswSXEyUFY5aVVjTGNIZ1BVQQ?oc=5","76","0.3","","94","0.3","","84","0.3",""
"Marvell","Technology","90","Tier 1","33","no","2026-09-28","90","0.3","","100","0.75","https://news.google.com/rss/articles/CBMiiwFBVV95cUxNUkFBVm1wSFR0cEpoMEFsc1BaenE0N3RYOExOYW9lQmZ1QXd3Z3R0elg0bE5HOGxVSFEtd3QycDFiQ3RMX2sxWEpKZEU2bTk4T1g3MldBUGgzTFVzS25KUE5HdTFoZUMtRkd6Vl85VmpPOUlQN0JiUGlvaVB3UmU2OGJreFRuZWI0Ylo0?oc=5","76","0.3","","94","0.3","","84","0.3",""
"Visa","Financial Services","90","Tier 1","33","no","2026-09-28","92","0.3","","100","0.75","https://news.google.com/rss/articles/CBMirAFBVV95cUxPZXNKRzZlQzdMMmVKeVUyUmxsaVhleXp1V2twcHpuMVBKUnowWG16bk1POVdrNGY1QUFPZTV5bHF2LXVEc2RlNDFGUVU0dE84eW41TFNfRzJuWjhwek5TN3JBWjNxVVV4bDQxamxtTnN1Wi1jVXc3XzdKbm1OQW1Wc2w0ZndiSnFDbHNvbVVfNlBjaFFaektfNHg2SUdxVDI3bmxsWWlDU3pwNXBq?oc=5","92","0.3","","92","0.3","","56","0.3",""
"Mastercard","Financial Services","90","Tier 1","33","no","2026-09-28","92","0.3","","100","0.75","https://news.google.com/rss/articles/CBMingFBVV95cUxNQm9PLVpQektxRnRFWTlUb3JHeTBmam0xSVBnRE81eFRibTRtU002bm5mQ1M4bVVCelpKbXRnV1pJUVo2bmdob1pFRE5tWHoxZllzanY4MWgxaGJwRjlMemw1VFNLWWZlcHNtUEVmVWlreXJPUDZZY21iX3hjVXIxZ3V2S2IyeHhBVHlwc24yTmdGekduZEhZYzhxdzA2Zw?oc=5","92","0.3","","92","0.3","","56","0.3",""
"ServiceNow","Technology","89","Tier 1","33","no","2026-09-28","92","0.3","","100","0.75","https://news.google.com/rss/articles/CBMiqgFBVV95cUxNUnVZUVFnTXZzUHBDWHI1X3FxRmlUMC1WQUJKTkRpX1dHblZZbzNYRllEejJrUkRVeUVqSk43UjNhLV92OGw2a0E2YW1kWFJIMEFhMDg3TVNWeGZxSWttWnRqbE1jcnFOT045M24tSmc5cUZuY1RwR283OTg3TnlRTGlGUHF6SFMxdWVmX1JpLTNOTW5FVmZSRTQ5M0Y1bDRMcVhscnpDYVhPZw?oc=5","98","0.3","","75","0.3","","67","0.3",""
"Snowflake","Technology","89","Tier 1","33","no","2026-09-28","92","0.3","","100","0.75","https://news.google.com/rss/articles/CBMi6gFBVV95cUxONmtHZmZqUnRBZ3hrR2dHVDBtc1VCdFFCLWlDc0wzUURvenItUUJudXVadm5QcHZaU0R1cF9hcW1ScUpFZmNsSE9lSEY3NDBDWDE5VTY0WDlqcVh0REJ2TGJUeHprUldyMG4xdE1OeFRmTlFYRWhoU3oxWWN3QTBVeTQ1UjM5ZTcwSG9rWFhKQmZyYmhWZy1IVFBYTldEWVpNVnRmQnhlRFFja0RuT1VraHV2cnJmVWcyWmhlUk5vV09DRXU3RnNKdUJTdExOWHVRUGo0bWpMYWZYTTN5TkxtdGdERk1sUXVfUFE?oc=5","98","0.3","","75","0.3","","67","0.3",""
"Atlassian","Technology","89","Tier 1","32","no","2026-09-28","86","0.3","","100","0.75","https://news.google.com/rss/articles/CBMiZ0FVX3lxTFBtWmVoNk9RRGhkek5YVXlGNkYwek5laXRNSFV0ZkdVWnVJdUY4d0dyUUhNWHV2ZWw4TEdvSGk4YldpMXhpNlFEWm16SHZZMUJtMnQzblhEOGk5dW54S1JsaE5HQVNwUUE?oc=5","94","0.3","","87","0.3","","59","0.3",""
"Shopify","Technology","89","Tier 1","33","no","2026-09-28","86","0.3","","100","0.75","https://news.google.com/rss/articles/CBMivgFBVV95cUxNT0owT1BIcGFCVk1CMUhEaXJZbTlpcUN2SlA0dEZjT3E2YkNpVTUyWm9XRXQ5U2w3NmM5QjEtaHoyYTdsY05OdHpqcDJkQy03Zmh1M3ZXdkZvalhKQnZGSkV1RVdvcFNvbWkyZVhrYTk4cTBoMHFhUDNkcmJQeXNpN25wVnZkRFItRmFPdE5uSTVYNXBqVm1lSnUzRXBvam1KdlNGSTByeTVxTVl5SloyT1JHZ3g5U2wxcjAycDJR?oc=5","94","0.3","","87","0.3","","59","0.3",""
"Accenture","Professional Services","88","Tier 1","33","no","2026-09-28","88","0.3","","100","0.75","https://news.google.com/rss/articles/CBMi7wFBVV95cUxQZjBLOTVpYnptQnVYVExsNnZmcFZreHk0VnJuUl9qLXA5SEJ2Zmc4VldJd0IyU2o0OUl0UWhJQVFIdlJxRXZURU1vM0ZZaVg3bHNRXzlvLVVqTFNESVB1aTVaRHAxak4xRHVfVzJsdmR3WEdzTmhPSzBHZ2J2eWI1UDFvYzl5aXBTclo5TGl2eHFvM1Jjb3NJVXlxX2NFZGNuQWIwZTZKU2Y4T3RHdHJkRjNxYVhHN1VfMlQtNDZIdzJVWklUSzdJZUpXQ2pSNVZEVE9UU1hYdEVUektzNWhDY1h4cXU0VlpzSF9tQmZmVQ?oc=5","88","0.3","","94","0.3","","50","0.3",""
"S&P Global","Professional Services","88","Tier 1","33","no","2026-09-28","88","0.3","","100","0.75","https://news.google.com/rss/articles/CBMiuwFBVV95cUxQZDIzWWx0NnRwd08xbnM3S3o1WmI2YU9QV1lBZ0d2bndwRGd1WnNVQ2FjdWc4RDRIeW9Pc2k0dkFNaU1CWkVfckVEUVdwSGZXVm1GbXBlbGJWdVF0dTltSzNQUGNHMHhLeE9Ra0VQb0ZENVd5aE43X2FlM0VMbGsxYVlTWDhaSE4yOWtSVHRscVVfUGFkSkJRN0ZBZi1IX1FwY0FWUUI1dUhvTXZZakxCdDlPVlNxX1RQZ25F?oc=5","88","0.3","","94","0.3","","50","0.3",""
"Intel","Technology","87","Tier 1","33","no","2026-09-28","84","0.3","","100","0.75","https://news.google.com/rss/articles/CBMi0AFBVV95cUxNOEEyenc3ZDVpaTNYaE9oZmVfYkVmNkRCWGNsc0VXX1NKQzdmSm05WkVuYnc3ZzVxUkJfd2RtMHk3b0ttc1JmeHZHQUZzVGxQRDdJcVZDbkZpWURUYklBaFN3MTB1NUl3dVdkb3JZVjEyWlY1M1RhNkVqRFE3ZERaOTJ1U0JnLUdSSVFhYnpuMXp4a2U3clNxTmZGMExRR2hFQWFYcnlUZ0c0ZTkwN1Z6aERmZG9ZWWhHQUpsb2Iza2FQT3lmWjNuSnhieVVCSDJo0gHWAUFVX3lxTE94Q2VsRUVhMzhSOW1sRkV2Q1NPNGttdWdGdjd4TWJHMEZUaHlSdXdCcVA2NnRnYjNZYml5VlJLRXdvNFV6blRfSElXbXJyM3liQl9QaTF2em8xTjVqVHZFcUpFYk1lRDU3TzBmNHFEVWN2dlp4RVl5NHFTV19vQ2tEWmVFYU1MRHgyb0JoRFlWN2tLM3djeGdPNTh3UFk2aXUtVjdIT1JET3dIQzB1WE93aUVPUE1PcTI5ek1kaHQ4YUxkWDIyY0FCTWdMelpFQ0lLMklrX1E?oc=5","72","0.3","","94","0.3","","76","0.3",""
"Micron","Technology","87","Tier 1","33","no","2026-09-28","84","0.3","","100","0.75","https://news.google.com/rss/articles/CBMilgFBVV95cUxPLUpUZHU1V2xqUVBMSFBTeGxNdENuLWJSVVhqYUpuMFBuQ2pobUV1MHI2Z2xySEt3QTRjUmR6TndIYWNiT0dpYXhEMS1nVkdnUG5ocjBELVhzN05Xbl9MZ1V1V3J3N1J5X18wMWxoWjB6NEdkdmFOYVJNX2hkUTlvQUtVeXhkLWxtRmQ1aDUyUGJFNjJ6Ymc?oc=5","72","0.3","","94","0.3","","76","0.3",""
"Applied Materials","Technology","87","Tier 1","32","no","2026-09-28","84","0.3","","100","0.75","https://news.google.com/rss/articles/CBMilwFBVV95cUxPREhrTFNWQ3l5eHBJUzdYN1ZCVkNDSmt3NTQxS1RkV01uLXhPY3d2aV9OQnNYaF9fTUJnU1JJR3JKSFZSVUE3M2JYSEtQUjNYdUNwamtHOEs1U1pJV3NyNnFkbWp1NGZIVTRWNWxJaFdtQndmd1hoUUQ5R1c5aTZiZE9wVjc3REdGc1dCWENSXzMwWVdnYUV3?oc=5","72","0.3","","94","0.3","","76","0.3",""
"Eli Lilly","Healthcare","87","Tier 1","33","no","2026-09-28","84","0.3","","100","0.75","https://news.google.com/rss/articles/CBMi2gFBVV95cUxNaFJ2cE1xSW1qVmNjTk5JdXZ4eTdiT2ZScUVmbGtNcUNUWW5kRDZxRjBjeXNNM2tvbWRuSExHVTMyNzZEYkw2X3NnUkZQaUFCX3ZaZlN4UVd0d1ZZYTV5RWJLdzdpQVlCcmx4ckVEeFlWdUkwYXU5d2tUSXFycmZQZkJwOTkxS3lwZENPdU15YnVjdlpuLUJhWTBOREJiTTllMHloOEZjbEc0aGtvaHpHLWl0Y1hDZC1hU3pMTHcyNUdyQ2pjSlc1UTVydmZBLXk0RjFJckMydVR3Zw?oc=5","82","0.3","","94","0.3","","58","0.3",""
"Tesla","Manufacturing & Industrial","87","Tier 1","33","no","2026-09-28","92","0.3","","100","0.75","https://news.google.com/rss/articles/CBMingFBVV95cUxQdE5ZVk94YUg0X0RUVU9tNzdlVHZLWm9zVWowN3FLZk1MSmVfMkZ4b3REbG0tVWtWNGt2Y0U3THR3QklEZ09JN0N3WjNXaVZ1bFhPVEd0TnFkN3prTjFWbHBqalpoTE1ieTdIQXVuSVR5Y3BWT2lBQ29WQzUwNnM0NlhCS2VvcHlBa1FnVzRYdUQxYU5YNlpibzdWbTNSdw?oc=5","72","0.3","","80","0.3","","88","0.3",""
"Workday","Technology","86","Tier 1","33","no","2026-09-28","86","0.3","","100","0.75","https://news.google.com/rss/articles/CBMiygFBVV95cUxPRXk0aDJiN3RuVlg0RURWZmczcnJwOUtGeGRqcXlMa1VSOFdBYWI1aWhRZl8teTZ1VVdiQmlRYldJWkpPekpmV3J3elpoWG5NODBKVDhEYjg1TjM1eTlyR2hzc0hrbFA5UlNfNl9sdFNiWjJ1QVppRmJ0S2I0bGtBZWJqcElGcC1CWG55UTRabUFrY2tNbTVmeW5VRzhHcEJoSEd1YkdTaTUyeGtDQUxyRTVVSVM1MTlrV1owMUJjZnBHdGpMeVhLXy1n?oc=5","94","0.3","","75","0.3","","59","0.3",""
"Datadog","Technology","86","Tier 1","33","no","2026-09-28","86","0.3","","100","0.75","https://news.google.com/rss/articles/CBMimAFBVV95cUxQY0IxQ29wSWtOS1g2eVB1ZGo1cUhEd2U4SHh4R0JMRVRyX3Q5Vldkd0FoZ2JIVlRuTHJkckRta1RmbmJhTVl1OVJGVTQySG93WnA3c3dMcGV6cG1LZXVTMFdTdFJPQ2FCVGcyQjU2MkZfNWlUQ25YS0pHM0p3SmJTeWxrRHBZeTFUekVuUEdISDF0VHJ5TTE3aA?oc=5","94","0.3","","75","0.3","","59","0.3",""
"Intuit","Technology","86","Tier 1","33","no","2026-09-28","86","0.3","","100","0.75","https://news.google.com/rss/articles/CBMitwFBVV95cUxPcVVnOTlQZDdNTHEwLXlaQkVSZV9Ca210OTY4ZVBzc2pidS1RSkdxRndycmhzOGhFdGVOX3VEa3FrNWNqOE9ldVh4ZHJnSzQ0aldPRzdEVXh2bk9kcERKeHdub3NYdURzczIwTnk2VmMyLXRIcVhzZENZOWliVUMzWEtNNTdsaWlfMjNWdlhQMFJaQ3NxbVVZcGFuVVZQTXFNWjRHbXFTQUpUemx4Yzh5UjhQUFhHNzg?oc=5","94","0.3","","75","0.3","","59","0.3",""
"PayPal","Financial Services","86","Tier 1","33","no","2026-09-28","86","0.3","","93","0.75","https://news.google.com/rss/articles/CBMirAFBVV95cUxPQk1xZFRNNEpDY0xKNm5NcUVoY0RxSWNLSldlYXpFeXhPLTJCbmgtRXp2eUZjbW9HR2d5cDUyd1ZsVHA2MVhSNFVsUndSdVk4dTAxTFRmYkk5cERYTmtVU2RqYlp4UERCeGdXMW53eDFkNW5IRnVTbWJJMU5hLXNONlU0aFJ3eXBVTEpEVUFGaFhveFJ0MDM5bE5ZQS16Z2RISFIzZkpfNk0wdnlk?oc=5","88","0.3","","92","0.3","","48","0.3",""
"Netflix","Media & Entertainment","86","Tier 1","33","no","2026-09-28","86","0.3","","97","0.75","https://news.google.com/rss/articles/CBMikAFBVV95cUxNcUkzS04zVWxCWjQ0TXd4aVN4bUthbVlJb0ZVd3BXTDFsRjd3VE12MTJ2OW1GSUhKbTN4ZFBUbUpSeEQ0REM1d3RCdnB4Yk5XdG1Sd0dmYlI5UDljNFh4cm84YnR0VGMyTGRDQWNMaFBJdk5zM3JUdE1jMHN1ZnZvZW1VZzAtTjBwOGZjVlg3ck0?oc=5","90","0.3","","84","0.3","","52","0.3",""
"Spotify","Media & Entertainment","86","Tier 1","33","no","2026-09-28","86","0.3","","97","0.75","https://news.google.com/rss/articles/CBMiakFVX3lxTE1scVBNUnQ4M09IaHJuRDVHWFRfc3NNQTdxNjZNWkJGdENETEJzRUhMeFA3Xy1FQkVfTUdPRzRiQVJVeGFPaFBQeEVGeEtGeDA5Q183NGVEYUxyc1I4cTNlZlhmRGR4amp2ZUE?oc=5","90","0.3","","84","0.3","","52","0.3",""
"JPMorgan Chase","Financial Services","85","Tier 1","33","no","2026-09-28","88","0.3","","99","0.75","https://news.google.com/rss/articles/CBMigwFBVV95cUxOMWNBMl9KdlM0ZlZNSDZ3a3BhNkdwQldONGwtT29EMjJUYU4yLVZtN2ZyNnFMLXZORmd3RW9sWXVGcGo3SjZtMFVrM1V0WDRMX25FVnhqYWhJOVhhZFlHQUQtNDQtc2FBMThqYTUzS0traUFPLWJCaVVLcmR5TFJRU0xiTdIBiAFBVV95cUxQb0lBdm9lMVRRZnZZR2VqQTdSTW1ickpPUF9BZExndHhVOW5xQjl5WGFRdndGLW5BM3l6S0s5R19yM05ZRFE0dDZKRzVKQjduNlQzTkttclZ2UTA5OVQ0UklpeVFLbncyb1dTM0lrRjFYdUdYNV9BdkdVM2pNT1NGcGVFZ0VSd0Ut?oc=5","82","0.3","","84","0.3","","54","0.3",""
"Bank of America","Financial Services","85","Tier 1","33","no","2026-09-28","88","0.3","","99","0.75","https://news.google.com/rss/articles/CBMikAFBVV95cUxPUzJzNjlTekhXOFhvREtCRVkwUjJ3bGJXRVNQNV81Q3ZMTmM2cUhmQ19USTRJd0NuY3FRY0xxcTlUV09xVzVaRXloR2ppZGY1VmEyMnd5Q0d3Xy12dzF4SjNWaUMzeGNOQTRKLVU2Y1BLTVNJY3RJTlo4Zlk5LVVNVHNaNHc4MzJ1SjJpQm5aVno?oc=5","82","0.3","","84","0.3","","54","0.3",""
"Goldman Sachs","Financial Services","85","Tier 1","33","no","2026-09-28","88","0.3","","99","0.75","https://news.google.com/rss/articles/CBMi1wFBVV95cUxOZGJmdGxFdXplcWpzNTk1UHlMeE84U0JxeEJNaVZfYVZqNHExUW1qX3dpMGhsY2VlVUdWOXdfdEwtWm9uWko3XzZka2JZQ3VobTJ1RVR1cXZWYm41V3k3YmZWQ3pZVnlmbWFWQlUzY0NtNUVmY2d5OEE5QnY5UWttQ2lQMDdmZ2xGdDhmUXF5ZV9zRUtHeTE1WEJWTDJjY0QxbjdvVEhGaXlJUEZaNmhDVmQ3UnhWTkpDaXZoa2hCa1JJYUtHRnNJRjdYWGhEbkRDX0YzVGJjQQ?oc=5","82","0.3","","84","0.3","","54","0.3",""
"Morgan Stanley","Financial Services","85","Tier 1","33","no","2026-09-28","88","0.3","","99","0.75","https://news.google.com/rss/articles/CBMimwFBVV95cUxNSEdwWDloU0xzelV2aEdYeVVQYU9kSzhEcm5kVklxUUtoNlQ0V0I3VU94ejNmT3FkUWI5Rlc3VXdWNTc0eWstY3QwR0JIUlljNG9XVjhkXzE1eHZzV0RKQ1NpcHI3bWlKMDF1Z19JaWtOR3U3LTJDRDRJQzNHeThlREVWMVZJRTQySVV2V2l4c054eW9zVTZIVC1Odw?oc=5","82","0.3","","84","0.3","","54","0.3",""
"American Express","Financial Services","85","Tier 1","33","no","2026-09-28","86","0.3","","92","0.75","https://news.google.com/rss/articles/CBMi4AFBVV95cUxNdjJpUTc5YlhFYlVqQXBHeUhlaWV5cmJLZ1BBemVCd2EzUXgyT3NLcUVicHdDaVhGZmsxVXBoNVZ4S0dKdGFWZDFhVUd6V094Z2hDNjV5dzVzNFBHb3Z2S3hoRkFUYTU5N1lLNnRhZk5fbmNQUkR6MnB5OGhVNl9hdHo4MFg5NFI3Tjg5Nnh1TThHRTVpWnIzQVh3X0pQMVB4WUQ3SHJwRHU1MHE3d21xUzRlcXFrQVRuOWdvOHZrYWR4cmF0aUNXcDhnRjB4Z2dGZURFZEZ3cUVjVFFZSk5PRw?oc=5","88","0.3","","92","0.3","","48","0.3",""
"Moderna","Healthcare","85","Tier 1","33","no","2026-09-28","84","0.3","","100","0.75","https://news.google.com/rss/articles/CBMiygFBVV95cUxPMDNHaUVLMWY5ZkJEWjNrRXlvY0FYRUw4eVVZaG9CNUZrNkJqbXlTUkw2b1hXZVRFTlVDakpNYmZ1ZW91a00zVFV1ZXNUek5jMUctckV3SVlUcDVObk5tWFVsNl8xamhOYUVYSDUwR3Z4NHJPMGZzSmltSUl3ZzFObDVFYlFud0pGd2R3azZxTTBSMlZkWUNwRTV6R3Q4SXlWckpGTFoyNEpnSTZpcUs0Vlo5WDB4Y0tQMDVKalVwSFVuWXhYa1EteHFn?oc=5","82","0.3","","82","0.3","","58","0.3",""
"Cognizant","Professional Services","84","Tier 1","33","no","2026-09-28","82","0.3","","95","0.75","https://news.google.com/rss/articles/CBMi7wFBVV95cUxPQzVKWHU1c3NCajNaZkFkaUtrQ3dNd05zT09HN3pIX0FGWW5Wb0hhOUk3R0pxME1JY1JRRFJSWWNGa3k0YVFKYlJVR0loZk1McGdJZkVEbVZaYTdMWFhTd3p2ZS1HdndnZFM2cEl5ZmI1X3NqRnNYelhxSUwybVFlQVcxa2l6TlV1VU5GNmZVRjVTN2VJcUJRTHVpQ2pRUkYwaV8zajFhN3U2eFRqaXlDdy1zckg2dVpEWmc5b3prdV9TeW5JVXBEbFQyeWN6cGxhRDNBS2czSGxKNzAxeWpOQ0V0OTFzQVN5Vm9BTzQzSQ?oc=5","84","0.3","","94","0.3","","42","0.3",""
"Booz Allen Hamilton","Professional Services","84","Tier 1","33","no","2026-09-28","82","0.3","","95","0.75","https://news.google.com/rss/articles/CBMitAFBVV95cUxONWNhdEVPc1dqTGMyRWxhWWFrWF9wM2J3NmhWRW1HS3VQT1U3ZjV5M1R1Qi1faVE0cVJzaXZEWHhac25nT1J4bFlGaVdkVHFOZklJcWxydE5OWk04anFNZURQeEVxZklRYk5rRDN0dXdMWlZSOC13RHY0eXJqVi1VQ2x1WHRWemZXMElNVm5JWHZBS3d3UmNGWXJwa2poV0VGdjBfRjM5WUNHZFhWTW5oRkZVaU4?oc=5","84","0.3","","94","0.3","","42","0.3",""
"Gartner","Professional Services","84","Tier 1","33","no","2026-09-28","82","0.3","","95","0.75","https://news.google.com/rss/articles/CBMibEFVX3lxTFBmcDFxSzJrMXlmbzdqLU4zUlFncHdJcFNQLXQweWRwUU40eUxXU1VfWENTVnBfZFlkeVctTWxJMFhvWXdsV0x3M1VFT1FEdFhfRTFHc3NQUDBKVXhTQkNwWnJ6aWlmTXU5cWMxZQ?oc=5","84","0.3","","94","0.3","","42","0.3",""
"Block","Financial Services","83","Tier 1","33","yes","2026-09-28","86","0.3","","93","0.75","https://news.google.com/rss/articles/CBMimAFBVV95cUxPc0JZTUF4TTA1Y2F5N0s5VHZfVThBSDVJck0yc1lEem9Gb0NoaDJval9rdEZZVUh5dHR2aVNhc0Zha1hsMHlHRGh2bjVmMUJWSWpsb0o1aVZUQ2pBTTE5dlFERnN3N1ZhTHJwdFhQZTYwZ2VqaktDUzM4ZmxJVGU2d2hqUm5ySDNYZUdZcUtmbVpDUDNNbEcxdQ?oc=5","88","0.3","","80","0.3","","48","0.3",""
"Pfizer","Healthcare","83","Tier 1","33","yes","2026-09-28","78","0.3","","97","0.75","https://news.google.com/rss/articles/CBMimwFBVV95cUxNZWsyTUVWalN4NEFMUjBMUjREZzBTWHpXc0VuOWF5UXRaWEJaNTJHdWU1OWtwSURyUllSQ1N1WVVqNzEwNlVuLTZwWnd0VTNvMDNmZVY4d3E1MVpQZWh5ZzZxcENhTGdVQV9BSlJwQUFvcXVCOW1KVTYwWkljOVJpTEU1OHhpbnplMzVqamx0Yjc2RzVlQUV5ODJ3WQ?oc=5","78","0.3","","94","0.3","","50","0.3",""
"Johnson & Johnson","Healthcare","83","Tier 1","33","yes","2026-09-28","78","0.3","","97","0.75","https://news.google.com/rss/articles/CBMi0wFBVV95cUxPZnNqNmhmNnhqTGd0b0VrOGt1eHdjLXNIcFNPUXdVRkRwSFRKNkkxZnRwTzUwWmdZeGVOaHFFYmNhcTBRd3VjRmlsS2k5QUNGa0ZFYXdlRlJCM1VlRTFNSEJJN2hxdlZpV0RtX2k4U2gydmoxVEFzVTBkSmpMZGFFTEFaTE1PQzgyQjlWQlVkWlZSNlM5Q0lYQmFmMG5lbXFiQ0tRck5SUFU4TDY5NEZoY01aVHd4ZTdvZTNtc0x0R2QyeThJQjJjYXgyeXhYZnVpcDYw?oc=5","78","0.3","","94","0.3","","50","0.3",""
"Merck","Healthcare","83","Tier 1","33","yes","2026-09-28","78","0.3","","97","0.75","https://news.google.com/rss/articles/CBMijwFBVV95cUxOd2dGVGhTUW9xSEhsX1BjdTZvclpmZlAwcXBLeENwOUpkeDRvMnVQM1REV0dTZ1U2cUdQNENZS2J5ZEtJYVVLTVZLV1JiN01KU3lyel8yam93U3NyMzFLMTVnajhKVEU2b3Nfa0kwOHdPYlk5RTlKTmppcjZxLXc2VFBaOHF6ZFY0RWlVZXh6Zw?oc=5","78","0.3","","94","0.3","","50","0.3",""
"Thermo Fisher Scientific","Healthcare","83","Tier 1","32","yes","2026-09-28","78","0.3","","97","0.75","https://news.google.com/rss/articles/CBMi2gFBVV95cUxPd1k3UGJGdjJqbWFPRmRMS2VMdFZ5NDk3LXo2RkQtX0JjM3RwMVRtVTlOZG44MHBxem1BSE9UM0x3QVFxbmgyVEU3c2JIWjlGdHZBd3poYXM5NHFfZEIyazhSeXRoNzJjVmtTc3lUTl9xcDhXckRJMXhTSkJOcm5SR001MHVJMzFTWHo5endGSkczaE5lMlRwUFhNN3ZQMU8xczNyZkZiWVozU0FoX3RKeHZtR2FtUURmRWk4dHJudDBRRy0tNTV4djdkRUdqaGl2SWk5cGRaTmJmQQ?oc=5","78","0.3","","94","0.3","","50","0.3",""
"Texas Instruments","Technology","82","Tier 1","33","yes","2026-09-28","76","0.3","","95","0.75","https://news.google.com/rss/articles/CBMi1wFBVV95cUxPR1VCa08tRkRyRjd0U1BNc0RRT08wVUh0ZXdXN05RQnhXZklVaFh0UENsdnBfWUNYaTNsTzk0SnRHMldEOFNnQThoSHMtQ2o5dklMYmVaRlhUaVlvNW9CWmhJUENDaEU0MURMRndIZkd2QXoxWEZ0R1NLNzhsQi00WkVaWUdfZ0VLRzAydllFR0gwVTV1bF9GVWV4SHAyQkluRE1faFZ5cjd5aThpbVIwQzNiX1FzNkQ2d00tNk55ZlIxQ09Lbnh3djMzRk1KMEk5UXdFeENHa9IB3AFBVV95cUxNSG5Mc1FmWjFMZlBfZVJfM2dlYlpZeXZjcXQ2ZTIzVHR4Z3hYNVBHRDMtSzg4bXpqb1JKRHlfUGs4LUdrTWh0QVJvbmtzYUxMUEdJenlPZm83TDhfb0lsNHVlMUM0c0x1NFY1OENsRFhJLXpObUtSV1pzYjRpLUxKN3dIVUEtNkt4QlY3ZVRzSjVGaXdBbGhMTjRyeHh4bVZWam5GOFJ6V2hRcExadTVhZUFLQ2xWOEt2cW1aX1BEYTJvWldjbXhPMzFsQVhURl96REFHWUlrZGdSbXR0?oc=5","68","0.3","","94","0.3","","72","0.3",""
"HP Inc.","Technology","82","Tier 1","33","yes","2026-09-28","76","0.3","","95","0.75","https://news.google.com/rss/articles/CBMirgFBVV95cUxNMkhmaE42andVakRrUTNERlEyTWNGbnc4RmNTXzJUOWJpWFY2TGJ4OXZLamh6Rkl0aW16c0tidnI2NVhabF9mNXRuWEdTd2lxSnRQWU5KVmdvVG1BWXV4ZHlJTmJpVG1sSGd5Q01tbl9Tb2ZyZDZ3QmtSU2R0U0RpTG5ZUTZmVEJIYkZsRWxMWkpUMVBvcjdUUUxneFZWLXhKbXBjWWxidmVOYU9WckE?oc=5","68","0.3","","94","0.3","","72","0.3",""
"BlackRock","Financial Services","82","Tier 1","33","yes","2026-09-28","80","0.3","","93","0.75","https://news.google.com/rss/articles/CBMimAFBVV95cUxPclRQU3lOV2hKNFNrc24zTk4yN0RmbkVQUGRLMDNjbTdaY19qWWNzUW1pMlEwenpqY0xYb0N1bTZaUUo2NGNaai03LTk0czdkcGJCWDVWSlJJYXJOdTRvOERFcVdRUXdsNzlKVEhKWDhyZDJnUWo1Q0U0UTcwZHg3eXVGMU0tSzZvOHhYbi1YVUsxS2FyQnowYg?oc=5","82","0.3","","88","0.3","","46","0.3",""
"Deere & Company","Manufacturing & Industrial","82","Tier 1","32","yes","2026-09-28","76","0.3","","93","0.75","https://news.google.com/rss/articles/CBMie0FVX3lxTE1fd0RtNEVQX2swRHhXWGpCS09OUENBS243ODJzNWJtWXhualdHRkl6d1l5c3Z4bXBZLXFuZ054ZzI5NkluaS1WT1BsVC1VOUU3T3dPSW16Nm93V2FtN29MbVRQVzdiWDNHaEM5M1lYZEhjVTRsQlZCVHBFYw?oc=5","76","0.3","","96","0.3","","52","0.3",""
"Eaton","Manufacturing & Industrial","82","Tier 1","32","yes","2026-09-28","76","0.3","","95","0.75","https://news.google.com/rss/articles/CBMirgFBVV95cUxOSGpWaDN6cTEybmRTX1JORjZVb09HNWdfZ2ZkYmJBYXhRWXd3SFNGeHFQZ1J5UWsyRFc0OS1UbDFGUXp6bWdBeGw4dkJKcTRRVVRsM0E0a1hQLUswS0pqdFlmUTRHbzN4YmdBZENQekJxVXZlbS1TQk9hMkNURUZLUjJUSGJkbEdLVVQwdFBOVHp5dVVSdGZkMjdCSHJhNnVjZmJxQmdFVUFQVVpHRUE?oc=5","76","0.3","","96","0.3","","52","0.3",""
"Rockwell Automation","Manufacturing & Industrial","82","Tier 1","33","yes","2026-09-28","76","0.3","","95","0.75","https://news.google.com/rss/articles/CBMi_AFBVV95cUxPVkxlWGxRMjdyUkstb09xUGdsajhQNDB6UDRqbUdSSW5qNlFVSEdrZHEtQUl5YVRGMzBLcXN6WGxrT1lJWVJEaWpGY3RKRWhzM3BkMWNDQWlVaGI1R2xfVU44SzN6QXlnV1h5NmJkR055Nk5fdkgzLTJ5UUZMSlZkWU84VXJOVDU3NUlkeHh5Vy1DWUd3R3Fka0J1NWJTR2lRanl6T2lOVXJ2Qzg5UEFCVkpUM2VIYndXa1FQVzd2MEJibWVtc0pFQTFFYlRlQ0RzUkpGX3I3d3VBSmRJV3JhVnpQMk9vQlRWTkhFQ2xaSnVqTGdlQ04wNmcxX0Y?oc=5","76","0.3","","96","0.3","","52","0.3",""
"Schneider Electric","Manufacturing & Industrial","82","Tier 1","33","yes","2026-09-28","76","0.3","","95","0.75","https://news.google.com/rss/articles/CBMimgFBVV95cUxQaDNZeFZpLTVBQ0MzbEhKYWZZRG5saml5RmFPSE1WWnhGZ1JOZXZCWW85dURsQWVnejhtdEtIZzZHZmphOXpRMmlOVU9wX0NJYXBVd09BNThBelBIUERGNzNpb25NWDRneVNtektxZHFGbVJkbGVSY1J6aGNVQ200T09obDR0U0tRQ2FnRVhuTFdkOEhESV9QdG93?oc=5","76","0.3","","96","0.3","","52","0.3",""
"Corning","Manufacturing & Industrial","82","Tier 1","33","yes","2026-09-28","76","0.3","","95","0.75","https://news.google.com/rss/articles/CBMiuwFBVV95cUxPN01FYzh4TFFiODdZZnYtbFNwc044Zkx4T05uSU5peWIxdDJpVFdCanloMXdJLVJnblR3Nkt3bmNxME44cmVvNjBaeXR6TDFVOW9wY1dFTGhfOUpEZ3QwYTRkSkJXS2hBLXkwMnZPOEotOVFKN1BQSndiODVPTkl1UDZMS3N1SmYtRVgzaWpVTjdULTVibXNPczV6dG93OG9UREp5V1V0WjkzbFFRZzlhU19DbkF3SWRHZWpz0gHAAUFVX3lxTE15RTFzMjIyc3BITU9XYzRESnpic3ZxaklHSFRGb0t5SE9SSVA3a044ODRhRU12emUxWVdRdHJWYzRaVWl4aWJPRGt0V09ZeUVHaVBOcXpHZ0MtN0RjNVRuYVY3UFNxUklHSFFyamZRaTFlS2FzcmhVNWlrV2ZCbjdzMlZ6MzBmT3ZSMHlyaUdOMEFqWTIxVVVQUFRjc0RBNDh2VGNXR0xxdWhnN1NoVko2bHp6VnBFeUdVVFVMVW9xQw?oc=5","76","0.3","","96","0.3","","52","0.3",""
"General Motors","Manufacturing & Industrial","81","Tier 1","32","yes","2026-09-28","80","0.3","","93","0.75","https://news.google.com/rss/articles/CBMi2AFBVV95cUxQend5MjVlbGw2OEs0Y1FaVXpiWUhsby1YSEhWWHRXQjZyRWlkbEhYbHk4Y3daY0NUZU1aanoxeHNIVHRmekg0QzRvQnRGeVZ3aUc4VHY1TlFqckdJZEpMdGgzazhhaURzVUVFcUtSLVlwczlzenZJRFBuV2hNdWlTS05tcmwzTU93WWRRc3pDNDgwVmpzWTFuOTBfVzdQc2MzOGEwZDBzYVR4bk02OTgxbEE2SjBoN213ek5hdXZiNXRUTHRiX2ZqbUFZdGFuLXhpVTRqRWltUmE?oc=5","76","0.3","","88","0.3","","50","0.3",""
"The Walt Disney Company","Media & Entertainment","81","Tier 1","33","yes","2026-09-28","80","0.3","","89","0.75","https://news.google.com/rss/articles/CBMiiwFBVV95cUxQTmlrdUtkdlc2bzNmWlkwWWI3OWs1cGdOWTlUbTF2RnhST0NWYm93WXl1U0thbE1LYldFQmVac2NsSFFUVEdJWThoNUM0QmZIVjIybXJGRVpmZjlBdHUwOWtjNmNBQ0pGdXBIN1pQd0xxYzFvMEJwTmJLemZ4bkhQTkp5Mkt4cUgyeWZB?oc=5","86","0.3","","84","0.3","","44","0.3",""
"TD Bank Group","Financial Services","80","Tier 1","32","yes","2026-09-28","82","0.3","","91","0.75","https://news.google.com/rss/articles/CBMikgFBVV95cUxPdUxJOVdUOXllcGJXZGZGVzdacUFSYVdod2VJYVI2YXJHUGNlMDZFS2RoM0xqQ0dWLWNXVUEyQjdwYjBMdThHSkRUam45SGhyb093bEQ2TzF3eWpzak9xdXBFenR4cXo1S2pDOGJoZ1dYSExaR3JyeWVmUFJ4emd4YUZ4bUsxLWxNdlZ1akVLbEl1QQ?oc=5","78","0.3","","84","0.3","","46","0.3",""
"Amgen","Healthcare","79","Tier 2","32","yes","2026-09-28","78","0.3","","82","0.75","https://news.google.com/rss/articles/CBMivwFBVV95cUxQMnRQQXBULTBHQ0E5a1gtMm5UWXJFUkVTRUxyRVd0Y1BweEdjcFhkbG1wRk1wZlJTMndLYkxFMWVHbTM1YVZLTUlQcHhlMy1saDZ6VDdtNUJzZzhLMU1UYjIyQW0tNlNVcWk2bjk0d21TRUJXX1NMQlR2MUlLUkpoTjdJM1V0TzBrRXZJWHkybV9PMExiSVVMWWppa2MwdjdZYzZzaHg2S2h1OFVqQXE3VjFJOXRCcU95SktVd0s5QQ?oc=5","78","0.3","","94","0.3","","50","0.3",""
"Intuitive Surgical","Healthcare","79","Tier 2","32","yes","2026-09-28","82","0.3","","95","0.75","https://news.google.com/rss/articles/CBMickFVX3lxTE9HanJERlhBdTZPSF9vRzVoYW90Y0VNYlhFQ3Npa1NZZUlrU295MXFUUEJ0T2NpWkNVdURWQ2w1bjJ4ZjVYd0c0Nl84cnlPOTUxTjNDUDB2MGZWOVFBVFRsV2tUSFE1SmFHNjZoeTZsMzlrZw?oc=5","80","0.3","","64","0.3","","58","0.3",""
"Ford Motor","Manufacturing & Industrial","79","Tier 2","32","yes","2026-09-28","80","0.3","","83","0.75","https://news.google.com/rss/articles/CBMiyAFBVV95cUxNR2VkNUJxNlJrR3BJMFpzT1F3MmdpYWplak9zV1NLcUN3bTRSYkI4SzFvMXVDMnkxSV9kOGFqZlFnNGVKTDFtSzRhU1hmdzBRY1N1YW9QSnhsLWkzMnByUjZNZGdCMHZ5YUZKTGFHSHJ5ZzhmNjhlcVBQdmMyVXZvbzFDS1lPQ0V4MWI3MlB0RHFRal93T1lCSzgySWlpRGRRTVFRdHhxeUNuWGNfM1hQNUs4WkYxdFhtdm5WMkxjN01tQzhJanZtRQ?oc=5","76","0.3","","88","0.3","","50","0.3",""
"Procter & Gamble","Retail & Consumer","79","Tier 2","32","yes","2026-09-28","72","0.3","","87","0.75","https://news.google.com/rss/articles/CBMinAFBVV95cUxOeFZsS0lWZlFxc3VlUTVZTi1LRzNBQm1JNExZbFYwUFQ2ei04VW1xeWxmLS1rdEl3cnFzR2N1Tm5ucktXMHlTSmFzQmZYWEdUOFcza1luRW9UZTFlc3BoM0tzSlpIU3ZTZzBRNHZocllOenljc1NJR0wyaWx1ZmlxUGRRcHJubTJRdWtzUnFGZW5qQkxiYXJHUXNyaHk?oc=5","76","0.3","","100","0.3","","36","0.3",""
"Coca-Cola","Retail & Consumer","79","Tier 2","33","yes","2026-09-28","72","0.3","","87","0.75","https://news.google.com/rss/articles/CBMi6AFBVV95cUxPX0N6X3pwY3F0M2hFMHMtZ05idHdKczBnR19zQ1RNa2FWNkd2eVJ3ZHhoOEhqMUdkUmV6RHN3Q2M4clJkU1V4N2toRmFMaWRNeDVUQWhOcUtNNXM4RU9aMm9lcU42TnlMczVPbmRValZtd3diaGtZV0FFZ0N4UERqZW5MYm9VRUxqbkZ2T3o3ZEJoQnZNQXFUTGdXei1TZmd4S2sxdjhQVE1GbU4ybnNkSlRhQkdMWlM5S3JIR29MdnBqcHotNVJMNjVSbkVGdVkzbUp1NEhhV21TbmRhaDhXYXQtcVA2d0JX?oc=5","76","0.3","","100","0.3","","36","0.3",""
"PepsiCo","Retail & Consumer","79","Tier 2","33","yes","2026-09-28","72","0.3","","87","0.75","https://news.google.com/rss/articles/CBMitAFBVV95cUxNbnNGNUVGUTJNYjh1YzVwTWZKRlh6MnR4cGF5QVJTc1kyVVY0UVhMQ0pkWjUycXo4ODctSFE4eDBxSk43TEhMcEVJM3VORi1INWstTFhaVDRabndvY191bl9neFItSlo5cGg2OTZ3Tktfb3VicHhuYVFjdllvMURCZDBtMmNmNXN3dEwtMm52STMxTzlZc0pfazNpOFNVMlAxQjJBTlR4RVdveFRkN0N6U1NDaVk?oc=5","76","0.3","","100","0.3","","36","0.3",""
"Nike","Retail & Consumer","79","Tier 2","33","yes","2026-09-28","72","0.3","","87","0.75","https://news.google.com/rss/articles/CBMirAFBVV95cUxQYnlDZzVCQkc3SjB4V25yUFIxbEVTZ2hac0J1Ml9YblMycnhvazY5ZFZ5RUtmQjlSSGkxWUtVNG94anBTMG1aYmhpQWUzbDlkWWFMMUpPUHgyZlZsTExtcXNDbkwxcjZ1WmNYa2R2cmNZU3lMUExyOEtYNlVIVnQ1VU5xbXlPb3BjLXZ4TTVOaGhaV0dXYjhRVUQ5Sm9PU2RjRmI5a3dLSE9HdFZt?oc=5","76","0.3","","100","0.3","","36","0.3",""
"McDonald's","Retail & Consumer","79","Tier 2","33","yes","2026-09-28","72","0.3","","87","0.75","https://news.google.com/rss/articles/CBMirgFBVV95cUxPMDJPc1FuckQzMlRpdUpITWdkZEhydTRhMVA4Nk9fTU9samh1ZnNXQ2F5WThrd056eERoRTFkMmtIVE9MaWotR2QxSm9JVlFmbkp6S0c0c3VjcE5kbXFpOGxTNkNPQjJYRmU4UXNsRExGbVNFa2EzRFFFR2RnNG5nTGJVQW1OSmZpbzAwcUFneE5HT1F6RURkMUxtdGFlTlhMZHVvb3M5MGU5YWFLNFE?oc=5","76","0.3","","100","0.3","","36","0.3",""
"Starbucks","Retail & Consumer","79","Tier 2","33","yes","2026-09-28","72","0.3","","87","0.75","https://news.google.com/rss/articles/CBMijwFBVV95cUxNNU9VLWV3V0wzQkM2WnpRVVpFTFc1cWduMk1XNXh5aVJXTUpvVGxCMFdnalZrb1d5Zl9QM3h0enc1djFNOThoR21KcnhwdGk2d2lrRlZOU2JLdU1zZHBCV3F0UnNlNm5IT0c5Q1dwR1A1ZGduVHBWTDVKdDZaRFl0LU5TX0Fvd0VsOTBSNWp6Yw?oc=5","76","0.3","","100","0.3","","36","0.3",""
"Wells Fargo","Financial Services","78","Tier 2","33","yes","2026-09-28","82","0.3","","91","0.75","https://news.google.com/rss/articles/CBMitAFBVV95cUxNa2cxMXpFXzBJeEYxY19wUVpmTjgyRUE2VGxZT2QzbjJYQlp4dXpscHp3OV82MlFGUmkzd3ZwNHhSeTVpb2Q2TWcybmJVMWV1OXdiQjFwQTVQMkpDbXpDTjBwVWpWSHpMU2tucHltWVdnWG5yNHVqdHlHNkZ0X0o1dVQzRklQeGZxcWdyVGtVVDVxdjU1SDRjSGZiSlIzX2ZxODgxMlBEYjhERlhSb1VSY2Zvb2U?oc=5","78","0.3","","72","0.3","","46","0.3",""
"Citigroup","Financial Services","78","Tier 2","32","yes","2026-09-28","82","0.3","","84","0.75","https://news.google.com/rss/articles/CBMi6gFBVV95cUxNZkFGVGFPOG1FR0ROUXNOa1RZTlJBZXlIVEw0a1pOdWZQdW9JNmlYUkJnUFdVOTMwZFBrZHQyWTNETEJrVEJRY0NnQXdGUmJWRFYtNVBKSWNTSzMyc1RLSVNwdDJmUnBRaTJObl9qcXVwOS1OMENXZ3JiMERkdDRXU05Ka0FIbXQ1NEJ1aTgyRThIc3dwdWhweFFKS3BweW1IbzA0UXNMREtzdUhyWWpyRHhCSHhNNnE2OTF4d1g0Rml4N2VnVXAtQUwzc01SVTZScGNzeHppQmlnbi1LTUdRbnRvMmJfVlNpbmc?oc=5","78","0.3","","84","0.3","","46","0.3",""
"Capital One","Financial Services","78","Tier 2","33","yes","2026-09-28","88","0.3","","99","0.75","https://news.google.com/rss/articles/CBMid0FVX3lxTE10T3dKcTBnS0dUYUtpQThvcF82THhDZDVwQ0d5YTZIVmE2cE9Zd01zdUhnY21ydVJVMC1GVFlPWVN3ZnNWbVRYX2pzZFZ5SzFTTlRJdGZRU0ZtU18ydDZ4em85ZEQ2MXBJMjhoTHJKWnRseDM0QldR?oc=5","82","0.3","","47","0.3","","54","0.3",""
"Charles Schwab","Financial Services","78","Tier 2","33","yes","2026-09-28","82","0.3","","91","0.75","https://news.google.com/rss/articles/CBMifEFVX3lxTFBtRTVFTXJpb0lqMXZCM2ZJc08tVUFWQjd1dTdKOUhhVjFFV1REOXQ3SjlrNURZWnJfeVRRQTZ4S0d5anRKSk9QYWU2NjN6bzhfRHlrRTR4eEpiQnVuOHdudkdCMndLNkJhR3dna2tIQTdkVlpKYUNaMm42a3fSAYIBQVVfeXFMT0x1cHFQZ01KbDdkY1ozMTduSVk1TGhtRVZPS3RXMHR1YXMyNTNFbld1elJrVy1WdjlhMlZTamZKbzM2UXpFWVN4a2JMbEpjc01HNGR2aW9jZUc4RHo5ZjJZQ2V6clp3QTRyNnhLa0NxSEVUS0ZTTzZqQXU5U0xhOG45Zw?oc=5","78","0.3","","72","0.3","","46","0.3",""
"Global Payments","Financial Services","78","Tier 2","33","yes","2026-09-28","78","0.3","","85","0.75","https://news.google.com/rss/articles/CBMivwFBVV95cUxPU2paWEVMS3hUUmVnTThQR3htNTllQTdocWhBbjA1QVNhSmplWE1jelp0WG9TV3luZXhYa3dMLWFiN3YwbG03bm93bWVJWkFjVXpTMUtNZm95V1M4RTBNLUR1LW9JcDRVMzVMSjlZd0ZhYkdxcXNqSWNWaW1rU00tVGFBUVE3eFFzVU1vVUtMa0lMaHJFX3VrV3RMMWJmNDBnU1FTQTBwYjU0MmRXdHhfdTloM05WLTdUVXduRk1kZw?oc=5","84","0.3","","80","0.3","","44","0.3",""
"AbbVie","Healthcare","78","Tier 2","33","yes","2026-09-28","70","0.3","","89","0.75","https://news.google.com/rss/articles/CBMikAFBVV95cUxPbEV6MlA1aXlNNkU2OVhKU3g5M1RSZ2t1TUh2VWhTTkJhSmlNa1hKS1BOMzBwTzFsZ2dFUHo5WVFibXhHVGdFcjdYQWx6bl9nTGlQR2RxdUM5NGZDVks2eXNvem1Cc1VGVUhmZmNJWnFyTUJ4dmJyZWJ6emIxZ1doSDBteEYzak1iSTZhOVBKcEo?oc=5","74","0.3","","94","0.3","","46","0.3",""
"Bristol Myers Squibb","Healthcare","78","Tier 2","33","yes","2026-09-28","70","0.3","","89","0.75","https://news.google.com/rss/articles/CBMiywFBVV95cUxNdVVTTlFYWWF1Y0l3MkhxOXQwemprS2ZHYUhaZ3pwNGJiNlc5OGlyZ2EyMmUxYW1pNThFMGZTMlNBRzZ4cUJ0eENFMFhLazg0Rl9JQ3RFSHBqREdWQ3FqZV9IblBiMGNTdV8wTW5hcmVvSVBlNEdwWkQ0RUk0WUN6N0t1UWtGcnlNaDE5a1VGaDlvaHFFanljMjhNb1o5dF9NN0hlNDZhVGcyeDByTGd0TDh5QUQ5NVdGT29xV1NUY09EeUJqc2tmYm51MA?oc=5","74","0.3","","94","0.3","","46","0.3",""
"Regeneron","Healthcare","78","Tier 2","32","yes","2026-09-28","78","0.3","","88","0.75","https://news.google.com/rss/articles/CBMia0FVX3lxTE14cGNoRUl6SmRMdW1fN19TTlV2QTh4OU9JXzZubEoyM2N5eU1SUVVhcWlEdG9ZM1FSTklFXzN4eVlrbWc0ZjlmVWVnRlloaVVHcEdZSWI4NDQ1bEJiLXppYVRIYWNCVTVqMkpn?oc=5","78","0.3","","82","0.3","","50","0.3",""
"Vertex Pharmaceuticals","Healthcare","78","Tier 2","33","yes","2026-09-28","78","0.3","","88","0.75","https://news.google.com/rss/articles/CBMiwwFBVV95cUxOX2FUM19jOTZDNEQ1Z1J5ZlRGbXVmWUYzR21FNlpweVI3S2hEWUdYVEF6UGo4Q0pMRFJWOEVTcU9HYzJiQ3ZGbFVMbFV6R20wUHdmNnlxT1pRQ1paMU9yZ09jNjc0aUgyX1FnMUVsZndwUlU4MTlVSnAzeWhaVTM2bGRBOWpNQWQ2N2tBYUxFOHNqTWNua2RBaTZOUm1jSDB0N3R2ZjVRd0ZHb3BENjVXLVI3WkdtOXhtU1ZHNFRHVS1BRU0?oc=5","78","0.3","","82","0.3","","50","0.3",""
"Honeywell","Manufacturing & Industrial","78","Tier 2","32","yes","2026-09-28","80","0.3","","85","0.75","https://news.google.com/rss/articles/CBMihwFBVV95cUxPRURlcFNoU0tDOG5BYkIyXzNRTkNCNUswd1lsdmhjanl3Q1hyMXhELUhUZW0tQXFTdzYyZlBfQUNkaVMwR1ZNNHNMRlBMSk5jeHlGVFRHbF9LUlR1UmZEdjJ0cklOTnZNbW5LUndiM0dzQlkzbFJzSmRJamFGUEZrTFhUMUNPRG_SAYwBQVVfeXFMTnNtTW9GRXJjUU1RYlljRUVkTjc5cXBOUkU5Vmg0UE91Q3JpTnhUczdOY1B3MmZwc2JBQUxsdjAzVEFIazlUNE4wZldMWENELWFlYTREOTJqLUNDcGRyWUNTNzBScThKZmctZVotMVdtb2hNQnliWjBacHhXdjR0RHI5WUhDd0NoN2otVEM?oc=5","76","0.3","","84","0.3","","52","0.3",""
"Toyota (Americas)","Manufacturing & Industrial","77","Tier 2","19","yes","2026-09-28","80","0.3","","78","0.3","","76","0.3","","88","0.3","","50","0.3",""
"Infosys (Americas)","Professional Services","77","Tier 2","24","yes","2026-09-28","82","0.3","","67","0.75","https://news.google.com/rss/articles/CBMiW0FVX3lxTE9SUEVVdjhiLUxfcWRHQm5abVB4SC1VNjBFVUVUcEotaXV1ZHVFWHEtaXRGU2lpV0p3ME91MGdqZkh1SDR6RDY3M2JTSDN1cU1Ec0djeXh0elBZVEk?oc=5","84","0.3","","94","0.3","","42","0.3",""
"Fiserv","Financial Services","76","Tier 2","32","no","2026-09-28","78","0.3","","78","0.75","https://news.google.com/rss/articles/CBMiwAFBVV95cUxOM0xLLXVaMlBSbnpaUGNpYi1PZmV2X1lXWGZxWFExZDF0R0IyaElLUkpaVjNudjN3bl9kRmdSOUdENHBJWmJzQkhBV2VIcFN5OVUyd2E4Y1l3WFNmcVJiRkFpbTVSLXd2YXR1QVAxc09uUnlwb1RYSm1mVWRpMkh2ek0wLUlaRlhYTFpzY2c4WU03bWRTUjZLWDFiNWEyd3VCWHN6YThQVm4yQjZWTWdianFaN2xxdlVfZnpPb2ZDb0U?oc=5","84","0.3","","80","0.3","","44","0.3",""
"Cummins","Manufacturing & Industrial","76","Tier 2","31","no","2026-09-28","72","0.3","","85","0.75","https://news.google.com/rss/articles/CBMingFBVV95cUxPWW45YjlBVEFyOVpXT3lrelF6QkFxZ3JYSkVNU3ZTenc4ZEV0VVEzcDJSSTQ0aFByT3RMd0Rwbm5HT052WkxGZ0ZYRWQzOTh6X0JQYkxxZ1RMTUktR3JKNjNlN2xXcm90aG1YWFVNbGdrU2JUOE15Y2gzdWJLaHVkX01jQUk3eDNyVkhZbHMzcTd1bURpRXRrT1QwOHloZw?oc=5","72","0.3","","88","0.3","","46","0.3",""
"Emerson Electric","Manufacturing & Industrial","76","Tier 2","30","no","2026-09-28","70","0.3","","83","0.75","https://news.google.com/rss/articles/CBMinAFBVV95cUxQRDF5bldSMjlWMDFHcXBUNkpoNnl4VTZWZlRObUZlMDNjR2l1M2NoUC1adUs0NFJfUWY5bmdFdHBaakNvUWFha3JKTDJIMG9ZYzZqcDRIb0tqblhEZ180a2FYQ3JuQzIzWmdaQ2tMdGRlQmV6RlZaMU5tZ05wVmxBa05mcU5Edi1RSVVEX1Z6SDU2dEZza2R0bGdmLWc?oc=5","72","0.3","","96","0.3","","44","0.3",""
"Walmart","Retail & Consumer","76","Tier 2","33","no","2026-09-28","80","0.3","","89","0.75","https://news.google.com/rss/articles/CBMipwFBVV95cUxNVnJSVTIyLVFYOC1vUFhieUV5cTZqN245cmRTeHJrVnNWT0JyTWJlMWVMeERsc0l3WEl4N2NpVmtTNDhTRTgtNHQ1X1gtQlIwMElxbWREYnFTYWNkRzlDMG1acmxOSXl3a3AwOUc2U0hmV0drTnM1aXV5R2xtbHhzSVcxMUE1c2FYaWp2ZEZVaWphUVE2TzFqYVQ1bUQ0cGhXRFFZZ1JJb9IBrAFBVV95cUxQNHhDYW95cXBQeEpORVhlT21ZWFZKMXJkcmJaUzdCeXJJRkpzMnRkeTBkSWNiNjRSR1RkdmVVMjJHMUJqdTdnblJ4Z3hlZGwxa2xseWpHNU04NnJITUVXOXJpUXFUVm1VMEhjdjlTaFZhTFYyV2VaOU1CNFJNS3VaWmlpdTU3QzR5Qy1SVkRuXzVtSGFKZDRyTExISnc4NU1jLUJwT2hXYVVGS2Jf?oc=5","82","0.3","","58","0.3","","54","0.3",""
"Electronic Arts","Media & Entertainment","76","Tier 2","30","no","2026-09-28","80","0.3","","71","0.75","https://news.google.com/rss/articles/CBMilgFBVV95cUxNeWEyZ09Ib2p6d1dhc0wwWllWdm01S2dEVnZIUzFIdC16bTNjcTFjZzhJNkV4WXBVMXZnbTh0Qy1aRFJNbzcwSmVGZ25fdnE4OUdnMngzVHJBYkN1cU5SSmxxTURYejQzTjlXNFREc0RRQ2xLcUk3OEdyZHBNaWhKOFJJMklTTjVZbEVsakN2U3V6dlVqVmc?oc=5","86","0.3","","84","0.3","","44","0.3",""
"Aon","Financial Services","75","Tier 2","32","no","2026-09-28","74","0.3","","77","0.75","https://news.google.com/rss/articles/CBMilAFBVV95cUxOMlFTbHlZeUNOZnJrUFp5M1dma0lBR3M5U3Z5WUxmbm9POVJjVzROeE91TWhpeFhibnAyMGFjLVkyNWNFcVdoX1Njemowd3hqQXk2dWg0aHFHc18weTNmWU9BUS1MeXh4QnEzdzRtWFk5QlAtUy1PZFR6blFGLXJsLUMxalZuQ3A0YTJUcDJTUVR3QVZQ?oc=5","78","0.3","","88","0.3","","38","0.3",""
"Stellantis","Manufacturing & Industrial","75","Tier 2","33","no","2026-09-28","72","0.3","","83","0.75","https://news.google.com/rss/articles/CBMi5AFBVV95cUxNV2VHYm5Yd1VYWDJNdUdtWGkxbDgxLU9kYTJUZ3VjSTJ0UXowaU5MT19LWVNTOWdiRlRDTlRYcDdVTGZQV0dsTmc3bmN1YU9sRTF1TzMzTmtmV2NDX0FDbDVjSTBMNlMxTjNUeXZnQ05taWZkN1JQdGlZbGNnWjN3UHlIeFV0LThESGhVbFdsNEtTc3g4TXJIOWpFajhWdW1BNWNVTXMxSU40cE13MnJBOUJVRTQzVEF0SlRSS1gzYlBUTG5BeTU4WDFCU2stLW1DSVhfakdWVjdPR2JuYnRnWm5uODE?oc=5","72","0.3","","88","0.3","","46","0.3",""
"Lockheed Martin","Manufacturing & Industrial","75","Tier 2","33","no","2026-09-28","74","0.3","","85","0.75","https://news.google.com/rss/articles/CBMixgFBVV95cUxNbkZIcTM3Z2NjX204TmZYX1FwM1FXRDlTTU1HdXhqN3dkM0JQb2p5czZNXzE0YkdSamNIQTgxYWZ6ZXczUTh2MUYyRXVCYWhvSDU0dGZpdnB0NzlSR1BnN011eHBVRFUwVkI0QVZGYWZzM1V0MFZqbUY5TEtWM2FLTm40Ql80bzM2ell6aVhhRlFEMFU4eTZKYmV1cElTbWJHblBmZm52NmZlOXBjWHFIS1VHb1F4eDBwZWJXTm5jTlJYMmFXcVE?oc=5","72","0.3","","84","0.3","","44","0.3",""
"RTX","Manufacturing & Industrial","75","Tier 2","33","no","2026-09-28","74","0.3","","85","0.75","https://news.google.com/rss/articles/CBMigwFBVV95cUxPWXlHYlJLeGplUy1FVjB1ekNQR1l6YjRWb0xOTzVUN3YwalI2TXZCMTNjdklEd2VFWG04RDlnell6dlk3VVlRYjQzVWdMN010cTNGVURWeDhILVdHN3FFdy10S1dtMVYxeTQzXzlwbXBrZ0xfay1KWGZObU9RVEtMc1M1OA?oc=5","72","0.3","","84","0.3","","44","0.3",""
"Northrop Grumman","Manufacturing & Industrial","75","Tier 2","31","no","2026-09-28","74","0.3","","85","0.75","https://news.google.com/rss/articles/CBMi-AFBVV95cUxNa2JlTE02NlJVM3VUUXh1aFZmUkJoQ09rc3p3bEZJNHVLdVc1WjkyamFaRVJoZzUyTzlCckp3Mk9IVm9oSlNXTU9rWXhBancyVlFrbmZXS1FDWUdic0ItVXJzWWJwcUtMNHZ0eHZWNS1uajFpV283UW92bTQ4MFBGdWdMamh6UDJybDhfQWFLUTFfQ2RIXzZwcVhXODROQ3FtLWlldmhZd3Vwdi1XUzlFMDd5WC0xVHVYM1pnZnhnMUs5ZFhmRHJfTGQwNElQTXVZWXZDRGhFazA3OW0xUmJ5bl9GSmQ5TFJ2c1FYUHpJbkEtWHVITTM3cg?oc=5","72","0.3","","84","0.3","","44","0.3",""
"GE Aerospace","Manufacturing & Industrial","75","Tier 2","33","no","2026-09-28","74","0.3","","85","0.75","https://news.google.com/rss/articles/CBMiowFBVV95cUxOZExEVVRYZVloa0lnb2NibEZES3dvRHZxbVRTRWg3Vzl5c3Y2Uk1NUnNqTVZoUDZaVlJqUnNUa3ZpaGtzTDVXT0VielpXdkFsSFZxSkpaTlE3OTdZcndPZHo4UzlYd2ZmZEw0ZTVuY3FiZFA3SUFOXzI0ZUNSbW5icVVUVFl3QU1DMHNfYURHYzlYUzJNVWRiRFVLTm1QNnJlaExn?oc=5","72","0.3","","84","0.3","","44","0.3",""
"Siemens (Americas)","Manufacturing & Industrial","75","Tier 2","20","no","2026-09-28","76","0.3","","65","0.4","https://news.google.com/rss/articles/CBMi6gFBVV95cUxQRGstc01QQ0hoeGg4WXBIOEJEVkRWQy0zTEpBLUFfRUp5OTBPMG81a0hIRmktRTdCYjJKdVRCNEp4NVlQV1FUUkVieEFZYlF5MWktNVA2bWhkajRCblpIQi12d3FWODlXcnJOMlBzcEI0cTZYLVoySDVVWlk3WUlIQ0EzS1l3ZjhseEdmNjRBazc5UGNJcHdxSVZWb0VIa3JKRlc5Nk02UktiQkNRUWFJTTVZM04xbnItR05OUXhnQWVQVm5UbWl4M1NJZVhaOGV6ZWQ3eTlZMV83OVlBVklmSUEySFBUOU92Nnc?oc=5","76","0.3","","96","0.3","","52","0.3",""
"Warner Bros. Discovery","Media & Entertainment","75","Tier 2","33","no","2026-09-28","72","0.3","","81","0.75","https://news.google.com/rss/articles/CBMimAFBVV95cUxQU1M3a1RRYm1ZdjA4NG1TdkNVYzNKekZPZmVnOG1BV2pUZ05fTTFWRWpwOTNDLXNxRHk4VWpkbkEtVm55WUZOM0M0SUY1Uy1Ib3RwUndNLTlIakhPQlZyd2FsaEd0ZkZDbE1iMTluUTNUaXZrc01aVDVGUmdPT0hMc1RJeHY4eUFvV0NUNk9SbXUwcWEtTG1WUQ?oc=5","82","0.3","","84","0.3","","40","0.3",""
"Paramount","Media & Entertainment","75","Tier 2","33","no","2026-09-28","72","0.3","","81","0.75","https://news.google.com/rss/articles/CBMi4gFBVV95cUxOd0g2YXdEWkVYVUt1bVB0TXlSTHBLUms2NllyYzAzNDNXekNYVjNGMWNMbUwyRVJvdElZcm9vekRXdXhsakNzRDdTUUR1MDZscG1FWnplUnRNaTR4SFprU29MZmRlV2xLcWhlUTRMUWdYcFZvZ1ExV3ZIT045enZDY0VUT2t4aldIemFpWDdRUExvMV9TZ2M3WXoxZDZ0WE5PbzNIMlQxZkdZR2JMTm05UktrZlByeDRTNXY0b295Ym45R2ZKdVEtX2VhdHlXNGxBR2xqNXZuYVd3SGp0ZG8yVTNR?oc=5","82","0.3","","84","0.3","","40","0.3",""
"UPS","Logistics & Transportation","75","Tier 2","33","no","2026-09-28","72","0.3","","81","0.75","https://news.google.com/rss/articles/CBMisAFBVV95cUxNcTVZX2VuRy10azVwbmp1WW5CUVBxM3k1U3p6Vm9xRFdBQWRIWTg1NmxjbElUUlZhVVF5UWo1dTA4MGpaa3NYY0RHeEJpZlpyRGlSTlhZTURIZDROZGFKMFVqRzdTdXJUOXhTTm5Qc3hDSGZ6UC1GV2w3QXRDWk9vU2pNLXdKNlgzSGhuWXNNZUdUYzVVbHBkaW44WnJzT2xoTHliejdnY09oZUxfRXFjSNIBsAFBVV95cUxOQ1BrNWItUFVlX1dxbHZyVVlpa2ZwT0Jzck9Oa1pwWGdLaG1scERwZF9PTDdxVkhTaG13MnMwUTJUZGRCLWZMTjU0blBYQWNaY1BsR2hqY2ZGOEdZSFFQeF9QajVJU2luZEZnWm9LSzBTNlU3eGk0Uzlab3phbDVHek54YVFkZVFweU9WMFh1QzR6c2Y0dFVjTkNGeVlNWUdWRFNzdWVUN2ItY0lhOEhLbQ?oc=5","76","0.3","","84","0.3","","44","0.3",""
"FedEx","Logistics & Transportation","75","Tier 2","32","no","2026-09-28","72","0.3","","81","0.75","https://news.google.com/rss/articles/CBMibkFVX3lxTE43UnpRb1ZJY1d3VVd2TWJCZ0M1SDNkNVJuWFFzQW16eFA2NmlkclhyUm91Q1NpOEE5ckl6anlIcF9saUs5Nkc1WThJWlVQZWl5b01QOEUyRlktS0Y5aGJQN1dVOGNGM0x4WmVWZ3Jn?oc=5","76","0.3","","84","0.3","","44","0.3",""
"UnitedHealth Group","Healthcare","74","Tier 2","32","no","2026-09-28","82","0.3","","86","0.75","https://news.google.com/rss/articles/CBMi6AFBVV95cUxQeW1TM09wYkJIVjQ2cUdNNE84eU1HQUhkdTlvZVlWcTAtVzZNQS1UWE1RckVSRWRhTG5YUTZHRWE0MVQxbHFfMHFqa01tNXNXLUtnajF4a1JnTnR1WUs4d09QRFFYSjRhZ0NHRkxtVUNNNzFBNE9hRElQMC15dVZpQm1fVFFtQlFSWi1veTl3NG13ZFpSbkJGVTlhU0RiTWFPOWhrMWVvc0doQTNpWjJhMC03OGlpcWdOVU1LT0xWRGdWXzU4OUxjUDBremdDQTIwd0h3bTBGWGJiOXBNTFd4SmFTQVdrNmV1?oc=5","80","0.3","","52","0.3","","58","0.3",""
"Medtronic","Healthcare","74","Tier 2","33","no","2026-09-28","76","0.3","","87","0.75","https://news.google.com/rss/articles/CBMingFBVV95cUxNQVBYNDd0WVBYZ3VScktqTnJWZ3dTckhyZkc1VUVFNF9zQnlpVFBzN0JQeHV1M0hzMVQ5bFdfSVE4Vk5UQ2hVMW1UUnoyUExTY2lZc2VLbDlWSjYxcjY1QnBYd25NNGgzZzllU1JvRndHbmJxb0psbUF4LU5CcFdDVndGNWpEZmpqLTNlc0VyZGdxN0prYnNQVFZMeThlUQ?oc=5","76","0.3","","64","0.3","","50","0.3",""
"Abbott Laboratories","Healthcare","74","Tier 2","32","no","2026-09-28","76","0.3","","87","0.75","https://news.google.com/rss/articles/CBMimwFBVV95cUxQMnFRWnNqZV9fNDFRWk9CZzB2U29TYW9YM2s2TC1QZDJCVWV6RFZZQzNqMzQ5aE94UGxaR3ZySFVuRnF5aFJUSVFnbXNrSDJCS2hUNmFGY3dpcGFRM0ZPUUhUWEprTS1oT1V1RmlOWVY2c1o0UUJGTVFHS2IxcUlrNHBvcDRjNDFnSUVvWnNrOWc2b2FGNnlmNlFGNA?oc=5","76","0.3","","64","0.3","","50","0.3",""
"Comcast (NBCUniversal)","Media & Entertainment","74","Tier 2","24","no","2026-09-28","80","0.3","","64","0.75","https://news.google.com/rss/articles/CBMijAFBVV95cUxOM3p0UmZDM05Ja2phR215T3FUdHZTRjd0WXByYWFFREF1YnZpaEI3NUg2SXVXLTVSX1dDeFc5Q0lYdUsxRXp4SW1VcnYwM0didkk5UnpxZHVMNHhNMW9iamtDUFBLU0JNTFNDajFrSHBoSEthM1puWllZRGdnLTRiT0VpX1NxMFZROHg0VA?oc=5","86","0.3","","84","0.3","","44","0.3",""
"Rivian","Manufacturing & Industrial","73","Tier 2","33","no","2026-09-28","80","0.3","","89","0.75","https://news.google.com/rss/articles/CBMieEFVX3lxTE1HMEhJUHRQaVR4eGJxcmE2WGtiRFg3V0FoUkVCRkFRU2pQaDJJZzlHTUpSeFgxVmU0ZjI5dEZseVV5VFl3bm9LMU5QbHZjaURNVW8xbjJ6UHlnWGt6MU1iVldTUGxIUldfZUM0ZXU4Mk5CYzJUaURQQg?oc=5","76","0.3","","51","0.3","","50","0.3",""
"Estee Lauder","Retail & Consumer","73","Tier 2","32","no","2026-09-28","64","0.3","","79","0.75","https://news.google.com/rss/articles/CBMi1AFBVV95cUxNeTZHUk40MnRISjVDNmdOQVdWd3o5SS1RcjJPZTNTeGthRXhnbUQ5THlzMGVPMTlxWGwwdldsd3J4bTZfY2U1Y0FXWmVKeVZqZGU5V2RhRkRKck9Xem82UjJ2RjEtbGxEWUc2R2dPZ2VKcndkdWhBVW1NVnNLcktXMXVnQ05URVZGWUpQUmc5ZkhyMjRHbWMyN0pROHg0dU1JbGx2S01fTTRMTjhtYlFjQkRmRGVPSDlsYjlHSTRnR1Y2eGlOV0FSOFN1ODg4Q3pVRzdOR9IB2gFBVV95cUxNTE1pZTFmYWxiTjJYVXBaWGR2TFRzRkVQcWcwRjVEeVpGNWpDSUE2bkk4ZThZRXowWU0tc1NSdFZMeTY5amZnWk1IY3dZbTg3U21sMVpWdXJ5YktnSV9DLXFSYXVZWlp2cm1JbWVmU09wdldkWHI4S0hZeHRkanVJRzZHRldHdWk0bHNTZUVveUhtcGdYYmhZSURJNmJxUm5HMWdaQUNBOE9LdVBoY3lMZXp6STE3S0JPRWg0OXdveXU3LTRfaC0wV25HOFQ2enRQelJnMTNEWi1ndw?oc=5","72","0.3","","100","0.3","","32","0.3",""
"U.S. Bancorp","Financial Services","72","Tier 2","32","no","2026-09-28","74","0.3","","80","0.75","https://news.google.com/rss/articles/CBMi8AFBVV95cUxPM25MSEhVamVwdUtLTkZxQmhpemFnYUFLcnctZlp1b1RoWFZ4dmExWmZxYVBYUktsT21WUnlFclJKakIzYmNXMXNzVHVMZG0tZG92SS1Nb0N2cUw0T0QzeUdVc2IycUtLNDJjSW5FSEZhVDJsd1hGSE5XNHFRaFRsMnl3Y0JVVHdydi1HckdvRHRNMHlpWW9RMGNTU3NXc3E3OEpmRDhJQUlvTGVHWnNybk9FRmRXdm5SVFVaWEl0TGVVN0J5aFpBaDRqMGVmZUk5bkdmYVZtTkhlTkluUlF3S2dSRlA1ZlhXWlF4dExnaDI?oc=5","74","0.3","","72","0.3","","42","0.3",""
"Berkshire Hathaway","Financial Services","72","Tier 2","33","no","2026-09-28","66","0.3","","77","0.75","https://news.google.com/rss/articles/CBMipgFBVV95cUxOYUlkbUZManVUemJlQW5ZWXU5bmhPcUdfRUFldTBFa01wOGVDSnRObUhZMERFSmVfd29ud29xTUh2N1IweHVHYUhTTWZYb0FiY0dZZDBlbGZXX2JFamFuVl9jR1pkWndzMGN6TWNEMHBXOUREXzB0RDc3X2RVcGVXTndWRTNRZm1CUE9jVmtFMVdpN3VxbVZwSnJGYmFkTEt3U0Z2Q0NB?oc=5","74","0.3","","88","0.3","","34","0.3",""
"Chubb","Financial Services","72","Tier 2","32","no","2026-09-28","66","0.3","","77","0.75","https://news.google.com/rss/articles/CBMi1AFBVV95cUxQYlQ4Q09uT1JwVkMyUnJqZFN3Y1VjN3p0T1NrSFJjX1lBcWRqTzBDMXVJQmljS294LWJXdFh4UmtzWjFHUDlJVjhiN08xUnRXeEhWVzd6VFplN2kwX0cwT0lINWdjMkZEdWRvZm96amJrdUNPdnZFTXFUWmFJc3pOUmZWdHViYmZCaTBkRktnWjRNTk5HLUJlYktTTlZxbzVZVTdnUzcxaThCU0dCOWN3YkN3UmtBWklMMUs0VWQ0Q2xyNEduVDhrZEhaa2FPMWF5UzU0S9IB2gFBVV95cUxOS05sZzZsWGpwcUdnMTZ5LXZCVThvWU5Kb042TWhZd3ZtSDhPczBmcHhMWjJJYnc1QmhsOHVta29RZTNYUW1zeTE5QzNVeWpSTTJlN2F4ZHhoVkdBZWgzVUo1N1I5UmdMVlJnUk1yZk15YmloLTNpbjJYeEV3TEVrZzc3dkJHRlJza1ZkMFNuMXNFM1ZoUlpNUmZnVE1MaENUMzBVbFhQMXEtWDk0UkJ6dzdDdkRabFJMV3pucWRWcy1aVjBfWnBoTjBCb3FTLWFSX3VrRU9BcGlsQQ?oc=5","74","0.3","","88","0.3","","34","0.3",""
"Marsh McLennan","Financial Services","72","Tier 2","32","no","2026-09-28","74","0.3","","67","0.75","https://news.google.com/rss/articles/CBMiqAFBVV95cUxPVmtIMi14MW1CZGpjTDNPQllaY2V3Vk16dlVDV1dKc0dkV1A4RzFuNW54VUpPSDZhTmRoczVOMmpOMWdiQkJmZEFBZ1JzRVJhUkFhU3JveHRCbGZ5YXVDMnRCYnNCTnVyZ29LZ0w4Q2xFY0VFQURkeGdGRVQxb29VQ1VIZHl3VVJxdjBtb01oTGxURmNNS1dQbTFSNGxCT3BZQmRLSURjQTQ?oc=5","78","0.3","","88","0.3","","38","0.3",""
"Gilead Sciences","Healthcare","72","Tier 2","28","no","2026-09-28","70","0.3","","67","0.75","https://news.google.com/rss/articles/CBMimAFBVV95cUxPY1pDM1VFT29kSDZ4Wmw5ZndBeVVsWEVnMVRZel9INHpRMHhNY3BjendVWnRjaW9lYWxVRG5TRklobnNMcy1GQ2s1NEc4MjdmaHpGVHZaMm1oT05qaFo0SWZTeXh0cXVUTDdQbElrQ1loTW01b01jOHZLSDFWdHVoeWJWR0FFcFZHTjFDdFFTUmFFekt3YkJpZA?oc=5","74","0.3","","94","0.3","","46","0.3",""
"Caterpillar","Manufacturing & Industrial","72","Tier 2","33","no","2026-09-28","62","0.3","","79","0.75","https://news.google.com/rss/articles/CBMiswFBVV95cUxOb3pMNXpZc0hXNWZ2Yk5ERmNQbk8zQUVOdHdWa3RrQ3NUSXpGWkRnRUF6Q2poazMwSGRvNG1SeHN0YUdZWXEtU19mS0xHVVpaRUdUb3k4cC0tVS1CYjR6aDdweVpyX2RkbVBYdkpSVEdlSUkwb1NieS12OE82S3BJSldNNXpKS1ktSFN6X1JWZUVjZTlMVzBsczAxZWQyNUcwZGdNVkhRQ0NZQUVFTGNwS3F4SQ?oc=5","68","0.3","","96","0.3","","40","0.3",""
"3M","Manufacturing & Industrial","72","Tier 2","32","no","2026-09-28","62","0.3","","79","0.75","https://news.google.com/rss/articles/CBMibkFVX3lxTE5ONk1vR29XLXhmZmt4SGVLX0NUOFY5Tk1SNHVYUUF3M20zbFRjQjNZUzVXcEMzb1lSaEdlWjZTYUdHSklfcVItMHpaNVRGLU5MYXNHRHNQUUc5c2tBXzN0dEM5N0xTNWRiOE9nZ1Bn?oc=5","68","0.3","","96","0.3","","40","0.3",""
"Illinois Tool Works","Manufacturing & Industrial","72","Tier 2","32","no","2026-09-28","62","0.3","","79","0.75","https://news.google.com/rss/articles/CBMimgFBVV95cUxQNWFHZVl6V0Q3NEJWbnJzUXhMZ2d3bUZvdnN2NHNUTmtsMGFYUFVpbEw3dGhwRzE2UWwzb01BdVJIamZESkdxVU1LbmsxUmdKT0IwS1VHdVBtWWlDZjl3a1NrRXliY0w3eWNMNmpHWmNzbENNLXRiNzNkaTY4QV9vY1M3cWpRem1QSXhEOHp0Um9JWHhnSHZLbW9R?oc=5","68","0.3","","96","0.3","","40","0.3",""
"Dow","Manufacturing & Industrial","72","Tier 2","33","no","2026-09-28","62","0.3","","79","0.75","https://news.google.com/rss/articles/CBMid0FVX3lxTFA2bzJDRHcyVG5tbkxWazBVOF9XaGFZWWpNUDJ4eG5jMXlTQURSS0w2djRmb2UzTzhDTFl3ZHBubThubTlrYy13R0VhVWx1TDNKVVJILUpteWFLbk43Q2JkdjNSV3ZEbmNmSU5VU1NRSFF6aHRRTWpN?oc=5","68","0.3","","96","0.3","","40","0.3",""
"PNC Financial","Financial Services","71","Tier 2","33","no","2026-09-28","74","0.3","","76","0.75","https://news.google.com/rss/articles/CBMi2AFBVV95cUxPVG5xVkI4ejFUWllKaFhfMndWcjFlR1JtZ0JWUkxqdHFvUXM5Si03QmZEYXRhWFVpdV8yb3lvbmVsYkNJaThhRnViUUlxTXdrLU1aYXZOb0hqTjBrSUFLTXdEQkk1YlBhNkRCakI3Y3dzTU5MU2dUQW8wQ2JRaDFZTVlXVUJfX25faFdSSEM3V1FpR1JoX3dkakdzbGREWXV1amtjNVpzd012bFJYRXdubzA5ZC1wU1l0LXpEOWc3S21mMjJ3MWZ3S05nNVhaaTlmSDd1Q21zMW3SAd4BQVVfeXFMTXNfckkyMDAzQWRWcWtEN3MyZG1iX0hVQms5S1lSLS1OQW5jVGk4VHc5TEh1NUEtZlpJZDVxU0R1WUd3bU5IVE5MNUFnVlItN0xiQlNiUV91bFJlUmVpOVN2TjV4SUM5TXktMm1zT05FWjlVaF9laWthNUstTWoxN3NpTVlOd3JsVXhBRHN5Qm8tdlBaSGdwWG5OU0RxdUxrQlp4Y0tIOFZYMjMwbUJDZGk4SjVZYjUwVTlyald3OTltRW52Y3B5QXNjbVdXNmEwcjJvbE9LSW55ZU12UGJR?oc=5","74","0.3","","72","0.3","","42","0.3",""
"AIG","Financial Services","71","Tier 2","32","no","2026-09-28","66","0.3","","73","0.75","https://news.google.com/rss/articles/CBMingFBVV95cUxPNjF4SXlPaTlvaGNuZFg3RklYQV8zN1lYa3RKNE14LW5vb1kxVFVMRjNxaV9LWXE2a3hHTFl4N3hRZFJRX3M1NGR3YWVXckVtZ1RSTkUtYmRlenRGbUU3MU13SG5UZE1Ic0g2MWZJdDAydDhnd0FZMlJ5NlotUkJad3MyMXdTalNlUExUWWZHV0JFRXpYajI3eVVDemczdw?oc=5","74","0.3","","88","0.3","","34","0.3",""
"Unilever (Americas)","Retail & Consumer","71","Tier 2","20","no","2026-09-28","72","0.3","","57","0.4","https://news.google.com/rss/articles/CBMinAFBVV95cUxQNkNxUUVsMk9uY3BzMXA1OFcwWVBxcVJaOG1XdEdEZ1NRSjZTcm9HNzhCVGpDYVdtS0E3TzNyLU1lOTRBeEFrY3k2TE5ZdVE3WjJ4WFZtdXp4Vm42SWl4YUlfbXZHZ3hlQkJ3QmYxNEI1YllEd1UzLURQU2t5cVVaYl80dnk3eC1Vb3BjWHRjYWR4Z0Z0bENsWU5MWmg?oc=5","76","0.3","","100","0.3","","36","0.3",""
"General Mills","Retail & Consumer","71","Tier 2","32","no","2026-09-28","64","0.3","","70","0.75","https://news.google.com/rss/articles/CBMioAFBVV95cUxNVDFFTW5mak5wOHNCUHdWSi1TR0FfZ3dXRW5HOE11djBBUklkVEhsX0NrT2xaX1hsNE0zczlJRmNFdUFsVzZNRDhtTmt5M0lMd1dzTVBLWEIxVkVZQndROUJabHpROGZOc0VqdjNVZXU4TUJTajlaSi1EZmdaZjcwXzZ6a1V6Y2dGbUhOY3g4b0NwU0k1a2xOTVNpZVJNdmNp?oc=5","72","0.3","","100","0.3","","32","0.3",""
"Shell (Americas)","Energy & Utilities","71","Tier 2","19","no","2026-09-28","68","0.3","","68","0.3","","70","0.3","","92","0.3","","44","0.3",""
"Boeing","Manufacturing & Industrial","70","Tier 2","33","no","2026-09-28","66","0.3","","77","0.75","https://news.google.com/rss/articles/CBMi8gJBVV95cUxPRTdtTENLa1ZhLVZfRFNENmxnaTVHM2FTUkt6anJBUEwxdTVUY3RoaEdJMmQtUmpFQWlyc3E4SWVwYVV5V1lRSlpkV1VQaDRabm8talFoV0NLMWlocUJMYWNSTnNQbmpBOEhBQWdocEtRWU5nWHlvRy0wMmRtTUE4aGxWTG1Hc1dMQjFfWGdtckVTZHRxa0NYQVE5X29DZ2JVdTJPc1YtcnZaWnl0RENwbUdIakdVUjBYOEZPM3c3ZHFMWldLTXJrVk5MMl84ejliZG4tMDVrbUtqQnlkbjVzMEJ1WU1BVkNRNmZEWHI1YUlDYktUOG1MUGlid2QwYjJCal9GZW52bUlNeElEM3c4ZVU0SFVWUEZPbHJCWFRJNUhRbmU4b2Zjd3RIdlZ6Vk1xS3ZHQlkzVFhwb0V1M01XVVNLRDJQYzUwXzhtTjNHcTBiMnRMSkwyUEstdGdVdlEyQnB1eDFHQmU5WktNVThaMld3?oc=5","68","0.3","","84","0.3","","40","0.3",""
"Mondelez","Retail & Consumer","70","Tier 2","30","no","2026-09-28","64","0.3","","64","0.75","https://news.google.com/rss/articles/CBMimwFBVV95cUxQX0ljOWQwd0hqdUhDclNKZU9KSEVzdUJIREZaNFE1dzV0RklPUWI2S3R0aVN0ckFsVDFobHlMTk5iS3ZPMTVQdE1ZMWVJWHFPN2lmNWtNXzhFZG5rdFlON2RyLVBDUWpqRnVBVkszYzB4dkFQc2YzVi1KVWdxcXVDdExWMVNqaldzck5Nb1BmNTc2UnFmS2ZjcWhNbw?oc=5","72","0.3","","100","0.3","","32","0.3",""
"Kraft Heinz","Retail & Consumer","70","Tier 2","32","no","2026-09-28","64","0.3","","67","0.75","https://news.google.com/rss/articles/CBMisgFBVV95cUxQMm9CQ3VmaEZXRGZBSHZlU2pkZWdyNUtsX0ZhQzdRci1wNktlUEhpMTRQcHJSYWZweEkwQ2wzX1NqVnI3Zmg5VkZkV3dyWUxORGpONFJXdlEtam5sVXVOcDZlR0F0Y3JXZnFETGJqRF8tWjMxSVpwWmVwWklVYnkyak9OZ2l0bmtUYzNXVmhTT3VzYXp1SjFVdmJNU1E0MXdFa2dyQ0JpU0hQM0FTX0l6SjV3?oc=5","72","0.3","","100","0.3","","32","0.3",""
"Progressive","Financial Services","69","Tier 2","33","no","2026-09-28","74","0.3","","85","0.75","https://news.google.com/rss/articles/CBMiiwFBVV95cUxQbVM0ZnVGSExSbm9IaWlSTVcxbXBnRGppT2ZGRm1ONjlpcmhidmQwWGdrZ0NNdko3cXBtOVBCTTdmNGpnYllMdzAtVFpfVDEtc25NWmZ0NWhLTHYwLTJnVzdhMUFUZDBsY2pmWnY4WkVBNVJqc3haZEl4UnB2ZWV6dmtaTVZ6QWtIWGM0?oc=5","78","0.3","","51","0.3","","38","0.3",""
"Stryker","Healthcare","69","Tier 2","30","no","2026-09-28","76","0.3","","69","0.75","https://news.google.com/rss/articles/CBMikwFBVV95cUxOYlJ3RWNCQW41NEozWV9YdzFwTHVlZFNSNXpYVjZ4VVBEcjhIT3o1S1NCdFFqbmdzbDdJM0ZfX0MtYS1fcVBrem9aelAxdy1QOHBtSXpYbV8wRFdMZG80TDM5Mml6dDVXQ29XUUI3dFFiV016Tkh0ODF2Q3czRGI1eHFoYVRwSERhTWUtci1JMEZsQlE?oc=5","76","0.3","","64","0.3","","50","0.3",""
"Colgate-Palmolive","Retail & Consumer","69","Tier 2","30","no","2026-09-28","64","0.3","","62","0.75","https://news.google.com/rss/articles/CBMimwFBVV95cUxPOEtsenp5THIzY1p0Rk9iaHExcVpjMHE2VndzNXFGQjlOU2ctMmZ6Ml9tU0FaRTRMTHhFODFGeFctVm9pUGw0bFBkXzBqendCVEZ0Ri15UHZzT2ZSRm1ST3IyeHduMXF1d2d6X1ZibEI2YV9pbE1fOGN2dmNoUFlBSU9rNnViNE5kandoZGFmbXFNaEVUdDA4YWJTNA?oc=5","72","0.3","","100","0.3","","32","0.3",""
"Chevron","Energy & Utilities","69","Tier 2","33","no","2026-09-28","60","0.3","","75","0.75","https://news.google.com/rss/articles/CBMinwFBVV95cUxQNmtOMnRJVnZpV0VpVE1FdDZhSGJtLWtoY0Q0ODhXaVpfdzBmQU16X3A3MUw5TEo2T0VoRTBwZXlvX19kLXcyMFVXUE9yNGpxekRWcG4wOFQzYVJiMHJVWTEtY0JiOVhyeXlhaS1EX1ZaRDhPN1Q4S2tCOTlNT216eVl5WnhBeFpNa2RDOVBhWk1CdElYMWZ6eHZqSFBjN1k?oc=5","66","0.3","","92","0.3","","40","0.3",""
"Phillips 66","Energy & Utilities","69","Tier 2","33","no","2026-09-28","60","0.3","","75","0.75","https://news.google.com/rss/articles/CBMiyAFBVV95cUxQdXRSQ2lrZ2ZnVXRPd0QtMF8tY0JJMWhmX2hMYVRPQ3VuQlJhUDBpMS1lbHJzZ2RybjFiSjJRMzFUbHZoS2hTTDBITUdxa0NTQmI0dFN0Mk12WnI3SGxfdVFzamdZOG1faEpQQW5PT1JSX05fZ3V4UGYzWG85SGJ4M1dFbFAxV09mWlliUHJqaGNISXFMNFphdUtmcEw4SFlTenE0OHRvNGU1RWtfZ0ZheEttUmhhNFFuZ3dVenhHb1FpR1RKUzM2Tw?oc=5","66","0.3","","92","0.3","","40","0.3",""
"Delta Air Lines","Logistics & Transportation","69","Tier 2","33","no","2026-09-28","64","0.3","","73","0.75","https://news.google.com/rss/articles/CBMivgFBVV95cUxQSTB5SWpHeTR3b1dERWtVaUdvaDQwX2JOUkRNM3VjWEp3bWF6ckEyVUVhdXZHanEwZkRpVVdRSkVWTzZCUUdaeVNKT193bmlDOGJ6MkI1ZjhiZXROUGVCOXdMQmF3ektabHZrcVg0Z0Z2X1lDa3lfanAxZHYxd0xoVWhnSUkzLUZHVDFMQl9laEcxTWtxUERNOEEtSnB4RGp1ZzNNcFF6WUFhamgyYTFMcUpHM1ZuMVYzZGZiQUpB?oc=5","72","0.3","","84","0.3","","40","0.3",""
"American Airlines","Logistics & Transportation","69","Tier 2","32","no","2026-09-28","64","0.3","","71","0.75","https://news.google.com/rss/articles/CBMizgFBVV95cUxPdmMxWkxqLXpzeEU2TzlONUs5NUhtaDRyX1RMYTZnU0FiOGhuRmJOdlVnWGN6V2owYnJrVFlPRjFYSGN2WS1ERmdxYm13OVM5UVUzNTRnckpZLUJOTnJrczFwTWJSVjZqOHAxUG9XQzhUY3VJb2tHbGR0ODQ1RVhIYW1qLU8xNHRraGNta000akVSSTlCeEkxeWJSWk5YRlhibzlfeWJoaFB3LWMxRmVPd1o2TFhLZUpMUEtvSUpDaHd1djJhU2JMVnVfaFFvdw?oc=5","72","0.3","","84","0.3","","40","0.3",""
"United Airlines","Logistics & Transportation","69","Tier 2","32","no","2026-09-28","64","0.3","","73","0.75","https://news.google.com/rss/articles/CBMiugFBVV95cUxOam4xc3lrZHlCTUxmUy1hMGhjVmUzNHlpdkJoOUdLd3Rza1J5bmpCU0JrVG90TGo2blBxMk1teDRqNXlwaHdHcVJLdE5IdkVfZHBMdWl0UGRYVW12YjFNdmRrM3ExWmJfanFmOHYwN043c0dOUXVHVURZcXNTZ1BZVUJybGZaRHptbGpkYm14bnYtNDVTZlZJaGlDMnl5MWE1bEltTTNHQlU4OFR6V3ROTS1KQTg0SnpYN2c?oc=5","72","0.3","","84","0.3","","40","0.3",""
"C.H. Robinson","Logistics & Transportation","69","Tier 2","33","no","2026-09-28","64","0.3","","73","0.75","https://news.google.com/rss/articles/CBMi3wFBVV95cUxQYkxJOXdvMmR4ZWxybW5tR2VSWXFUM3lJR01MQ3VPcDhnX1ZUXzdVV0NETXlXcGJxb2hqOHg1SGVSSXExUFhaN3NSOC1lb01RMHFkMTAtVkJTRjltX1JKLXNyZ2Rtb056bkNGZmVfNHhZb29XMGRZbUJ2V1FJcHJsaWVna3lpTGExcVZQZjRrSmJEaDZVY0VNWHh6NjdOTHB1bFVkcnE5VG44MC0wSmlVX2lLcDFEOW4zXzFuVmU1a1kwak1sZExQRTNYbUtHUm1JcDMxMm5jTVBuc3lJQnh30gHkAUFVX3lxTE5rYlhUT28tb2xjTUZVQUJUYTVyRThsYjRqUlg4Mkw3UkV5VzBlTmgtNXpyNENURXNiVC1uZGUydmtJTnFBWHNiY0d1ZEplOWZnRnU0YjdvNUMzRkdIa0g0X1dkeWRXOHprVjFYR0IxYlY0UjI1U3hKRmRORW1xbmhXRnM1YlB0RjF5QzV0Vi11MmEyZHpNVl9BSTRJczljYXlER3lUdlZGb1VmU2l5bmRTcm9Fbm1YMTVwNXVaZlJtTjJINTRtb0d5R0ZHSDNxdjdiNlIyY2VubEQ2MmxmNGsxYjdOVg?oc=5","72","0.3","","84","0.3","","40","0.3",""
"Truist","Financial Services","68","Tier 2","33","no","2026-09-28","74","0.3","","83","0.75","https://news.google.com/rss/articles/CBMijAFBVV95cUxQb204dFVmX3lSa0dvVFQ3LVdibFVJMThia2xVVWEycjluenZFY3ZzSUJCZzM4MWpXc092RVhwMmVkOWlxQ3hzU2xaNFo5MkdYU1RJZ0ZZN3RyYWZaTG5WcFdSb3REU01NTnpTNmRrdVJfcmNyWmltc2I2QTBBdEU0eFNFMmFZeUdWTEc4ag?oc=5","74","0.3","","47","0.3","","42","0.3",""
"MetLife","Financial Services","68","Tier 2","32","no","2026-09-28","66","0.3","","63","0.75","https://news.google.com/rss/articles/CBMimgFBVV95cUxOQnlkLU56UTRBNi1vZm11UG80eEdfbUYtRUdzOEdpVjA1YW5hTmZsZTV2b1lsQkFkS0NkSktudm1UVVNGYmtJUVdMeDdmQjRoamFlNk84REJRU1N6YTY1MUdfbEg4dVhVREdwczdtS2c1dUMyWGltelFOUC1fQy1haUhlMXhZTjg3dXlwbDNESGd5VkZsUjk0MUN3?oc=5","74","0.3","","88","0.3","","34","0.3",""
"ExxonMobil","Energy & Utilities","68","Tier 2","33","no","2026-09-28","60","0.3","","71","0.75","https://news.google.com/rss/articles/CBMiuAFBVV95cUxOQVl1bUFJb1prUEYzUVNVeDg4dHM3TnhIRWFGeFRha0hyMXlHdU0yWjd2SXk2NDNlTWxBZEpIZU9FRW9wWW56SEY4eEhWZEcxU3locGg1b1ZVOVZkNUxnYjZGbnZ4Y2RrWmZ2Q1haMVlGMXMyWUt5MzFGRDVaQm1Udm9uQmNWMmQ2Rm1mWEdDdlVMdGhza21ISEZZV0NGbHJTZmpTNmdtQjY0TjZ2R1B6aUZwRzhuMl9r?oc=5","66","0.3","","92","0.3","","40","0.3",""
"Schlumberger","Energy & Utilities","68","Tier 2","29","no","2026-09-28","68","0.3","","58","0.75","https://news.google.com/rss/articles/CBMieEFVX3lxTE92ZGtZb3BuUlBEcFFxNXQzcjBlbVo3Zkpjb1FrLUtMd0ZhNEZ3WGhJSUFxd1A3R2JPUGVXMXpCZlNhZlJXNUd4X2tnYzNVM3dXNDhyWHlCMVBnOWpkZVB4LWNqU0dYdXlNbFo4NElVNDMzTWYtS21CZA?oc=5","70","0.3","","92","0.3","","44","0.3",""
"Prudential Financial","Financial Services","67","Tier 2","32","no","2026-09-28","66","0.3","","60","0.75","https://news.google.com/rss/articles/CBMi2wFBVV95cUxQTzRQWWNYdjBmRDBHZ0E5ckFDYTQxMVUzU2JXYkY2VVJELVd0b1REbTB4UG1FMnhmdGJna1d5amM5Q3pqejRYdnRBVFc3U0c0UWJUMUdvaWViM0QtS2hhMFJ3YWFpMzBRWjZKVTJCNVFaRkpYYmY3M1hHRVpMNXRQTVV4bWNKLUFHOElwSFNKc2pZSGVoa2lTaURBcnFXbmxlaHNYdHpMX3pjVVpiTE51bDlLY0t6ZDIzTEVVSU5iQkp3NEFZdnNZMXRpa2dMWE1LcU1VRVpDaTJrdGM?oc=5","74","0.3","","88","0.3","","34","0.3",""
"Parker Hannifin","Manufacturing & Industrial","67","Tier 2","32","no","2026-09-28","62","0.3","","59","0.75","https://news.google.com/rss/articles/CBMihwFBVV95cUxQY2tvR3pqMVNMWjdfdzVLMWYwSDF3UFNPVmJLUDZBeTRWWGkzWG40Mkg2SjZVWWRKR1RlVHJVTzJDRjFhYkhkeE5wR3hUZmVhcnhsbWx5Q2ptV3psTmdGcjFuTUx1VlBfaW1lcGg3aGVYdjdWWE5DQkduWkFVME40YXE0Mm4ycDQ?oc=5","68","0.3","","96","0.3","","40","0.3",""
"ConocoPhillips","Energy & Utilities","67","Tier 2","32","no","2026-09-28","60","0.3","","65","0.75","https://news.google.com/rss/articles/CBMi0AFBVV95cUxQdjdUM1I5ZE5YSUdLWWR3bHlhRTNvUjAweGk5Q0xiV0thS2NMbnIxTHM1RExfS0VvZGl5MUZvN2VkZ2ZQT09sNE5laHZHaV9xekdyVkdULUM1bFNHQVpRY0hVX2pEYmk4aHlqZjJkSUk3ZExoWDlYaVVjUXo5eDhmMGpDeUZUU2Rhb25uRnRsV3VaanNNWDdkOEJwV2t4Q3ZHTWttd2I0Q1M0NTFHV0Y1SWJUZklNMUNYQzcwLWZQSXVDYnRoekx2UEd6OUZ6SmxK?oc=5","66","0.3","","92","0.3","","40","0.3",""
"NextEra Energy","Energy & Utilities","67","Tier 2","33","no","2026-09-28","68","0.3","","83","0.75","https://news.google.com/rss/articles/CBMiywFBVV95cUxPaGVtN3FkanE4Wmt1dDBoYzcxbnJjanNYQ2dtVzRhaUU3YWVwN1Z3RXZJLVhUSnhRWk5IZ1ZNUGlXVVJKUU5uSE02SzE1RXBfbUNHQVRMcGdfLXZRUEtWSnpVTzhPbVZfdmV4bnF5OWo1RnJuOTJ4MmVuc1VIWlUtWC1ZVlUxMkQ0TWZ0aDdIOEE0Z05HQzlQOGNCcWNCQmFwdWlldkVCbHBSNDUtN1FNcUhiRXU5Rld0d19sdlIzanRPcURMWEpCb05Ld9IB0AFBVV95cUxONEprVW0zQk9CY1cxaDF0MUtVc2s4UnJGdHRvMHU1bnBaUlVMTm5SNmpkMDR5ckNPd2k0SVVlQ2VLWXZ3bjNmN1V4WmdDb3JfQzdqaFhieDdCRGQ1MER4aEQwU2NhZTNnSlBCbERZXzBNSmhnb01rRy1FZFlnSzdWeGEwRUw3M3ItanU5R1RUTlRIckRDLWk4ek95Z1RPMnVEMHluUDF4cVBKdEdmQ096aG8zTnhSZWZIQ3dIMENXdjJOWnZVc3FEakhTU2d0OWJv?oc=5","70","0.3","","55","0.3","","44","0.3",""
"CVS Health","Healthcare","66","Tier 2","32","no","2026-09-28","76","0.3","","87","0.75","https://news.google.com/rss/articles/CBMisgFBVV95cUxPSF9hQlFYZ2pYZXgya3JVMl9aZVc0anl4WC14UHlGUTNFbTk1cjZEeWpTS051UnBTSG11VnJOU3c5RHB0NWZ5eEx5UVVGTkdjS0FwbWhfeERpWDI3bC1rNjM5X3BzdTFIZ3ZMa3VTOWFTMThSeEZxWUYxclkwUWxTLS0zWUxuQ056TmNDZ0JTRTMtYUh5dmE0cEtSVXVUY1k3aGVWaVBDZ3A5dERPX2FrWmtn?oc=5","76","0.3","","27","0.3","","50","0.3",""
"The Home Depot","Retail & Consumer","66","Tier 2","32","no","2026-09-28","74","0.3","","73","0.75","https://news.google.com/rss/articles/CBMikAFBVV95cUxPWUhLdHVadGdkMW1jcG81WlBzRjdaTHNQbWE4eXZ3ZU5SME1uUktUbEt0RHZFYW5qMGtBNC1GTVhscWJfUnhfZVVjUTVRTHlHeUlJaHRNZVBGcGlNY1N4RWV3bnNyZzBENU9yVUtBRjh3UjM3LVFYM0N5OFFYOWo1aVllb3ZuazhQZFF3NWNxMVc?oc=5","78","0.3","","46","0.3","","46","0.3",""
"General Dynamics","Manufacturing & Industrial","65","Tier 2","27","no","2026-09-28","66","0.3","","55","0.75","https://news.google.com/rss/articles/CBMiqAFBVV95cUxNdi1sZVYwOWRjX3haZkMtYjM3cVFpSHVJZ1VqMXhDRnpmT3pCYk85NnVUR1J0S3h6eTVnSE9SSnZjSndDc1JXcU1EZXFYUFZ6T1dyQkQxdlpjRXd3alluRG56aDJTWDFRWmZzX2prUXFDeHU4S0pucHhGZjJpVmJkeVh6REhEdmg4THh5a0lwdGE4d0IwWi1UWVZvSEs4ZDNldDc5cFBEeWg?oc=5","68","0.3","","84","0.3","","40","0.3",""
"TJX Companies","Retail & Consumer","65","Tier 2","32","no","2026-09-28","66","0.3","","73","0.75","https://news.google.com/rss/articles/CBMiyAFBVV95cUxNeHdtYTJmNXh1cXJadC01Z3JZREl1SjZNQzUyUG1PelJCNlZRNmYxTnBNZjRSUlZiNThWSTB2NU1JRVRlMU1FenU5VFVmWUtKUEc5X1lZb3BOSkdjZ0cyVFdaeTllUTBzU3NoNWwwN0FWaXkwRXhfTVhhMUxsMkhtNFpQQkhIWkFzU1hhTTRHdlpHaWpXenpjd3RYdU14T3ViT0xTdTVxRE1pODNPQVhueG9ZcTdpbUJZTS11S2pBWmpBQWhtQ1hPVw?oc=5","74","0.3","","58","0.3","","42","0.3",""
"Target","Retail & Consumer","63","Tier 2","33","yes","2026-09-28","74","0.3","","81","0.75","https://news.google.com/rss/articles/CBMijAFBVV95cUxORGtETVJfd0Y1X0xlMlJ1QjRRTTRnTUM3NmNUV1lNTWRXc0Qwc1dORFBFZE14U1NvRGlZN1ltRklvMXE1Uko2dTNJVDJtSXhGMXNiUU13TGJmbjRwd3JWQVUxTy1UalNyVjRvUTQ2TlJIVXMtU0t1WjJmOVltQUZEbEVScDFlS0V1ZlREQQ?oc=5","78","0.3","","21","0.3","","46","0.3",""
"Allstate","Financial Services","62","Tier 2","30","yes","2026-09-28","66","0.3","","69","0.75","https://news.google.com/rss/articles/CBMioAFBVV95cUxNNkJOd2tLUUphLTlfRkFfLVdRRGlpbFU4cXpPMTViVEZkN2xpLUZoN19vY1JONGRkOTI1eTVYeEd6ZU1vcFdEVzFqTnJ6N0d5SGJBbzZ3bmpBcWRJZm93c0ZzOC14Y2ZKWUNRbkM2eE5Ic01pR1F3WUx4Vl8tZTFnekFhOXdzTlNYRjc4M3E0ZFNtcjI2WVJTSEM1eThUV05t?oc=5","74","0.3","","51","0.3","","34","0.3",""
"Fox Corporation","Media & Entertainment","62","Tier 2","30","yes","2026-09-28","72","0.3","","57","0.75","https://news.google.com/rss/articles/CBMigAFBVV95cUxPZm5QdDhiS29Cc3J0SnJZV3l6aU1YZ3JQNUpKVHhBTlVLYXVHVXFUME5wS3g5bTVKUlpoWFMzWUpMNXU1QzJzakZSOW1jNTdDRmRNeUtQYUhVS0JOZ1lKcTNQVTFlWlJvcV9kMF9UaktHZVJzUEFTSnY5R0tfeF9EWA?oc=5","82","0.3","","47","0.3","","40","0.3",""
"Southern Company","Energy & Utilities","62","Tier 2","33","yes","2026-09-28","60","0.3","","75","0.75","https://news.google.com/rss/articles/CBMilAFBVV95cUxOZHZZNnhkWTh3bHNwbzlOelJKN2oxR1hwRENhVDNlMnFrTUFCOTJZVkI5VTRwN1QxcDd0TWdhVnV4enF1RVRIVFFqNXp1TXVDdEJhTEVpTGE4djIxX3NwUXQxbElVOExodDVRNmZoUGtEUHhfWWVzNzVOTk1wSXItY25CcXZQNV9rV1E4YzJrZGxQNGlI?oc=5","66","0.3","","55","0.3","","40","0.3",""
"Elevance Health","Healthcare","61","Tier 2","33","yes","2026-09-28","68","0.3","","79","0.75","https://news.google.com/rss/articles/CBMi0wFBVV95cUxPQ2VEYVRxcklyQzlWM0QwekFEV1dQNU1NWk1SLTg4RFotTEtjSTg5bmNmZ3p1N052QVhpNl85UXBOekpXWm1DSmp3SjJQQk00X1FSU0xjWWo0dVNGcFBOZ0xJdGNYUmtkaHJHemVMeXdaYlR4ZHNMUWw0aVl1S1BiUlRqT2FfOFQ5bVktcW5CYk5iVmJ2ZVlxVHNHSUd4MlJFdDdNeWxLaXdmUE4yUGhKUkhJS0N2MnZvYVJoZFVCOFF6SzhzeUdfZDhwVEotWjg2aF9B?oc=5","72","0.3","","27","0.3","","46","0.3",""
"Cigna","Healthcare","61","Tier 2","33","yes","2026-09-28","68","0.3","","79","0.75","https://news.google.com/rss/articles/CBMioAFBVV95cUxOS3pfUEtuZ0RXT0Qwb1Rzd2dKUVV0SmlCWUhlSFUxVUVHTTY4UTZvNGhwdFNPSVdQQTJfV3lrZjM4SWtUbGRwaUhGaTU2OW5HdHlGTVlKOGZVUVVLNWg0Q1ZZeTMwdmNvQXFpOWF4TnFtbm5LOFMwN3N6QTRTajhjaWpSc1hKcnl6Y000NXlRelA4TlUzdEVPT2M4a2RTMDlV?oc=5","72","0.3","","27","0.3","","46","0.3",""
"Costco Wholesale","Retail & Consumer","61","Tier 2","33","yes","2026-09-28","66","0.3","","54","0.75","https://news.google.com/rss/articles/CBMinwFBVV95cUxOeUs4S0FMdFdUMFI2UVFNOW5JUXZpUEhDWFlqY0R4bUtWdlM0dzRkYjFyRzZmSjROaERxbVd4WHZiNGZ6aUdVVjdBd2FodGZtUEFjUWFRem9UcHBENHEtZTMta2tMbXkwUTBiRVI2a1RXQlQ4amt2dlgwOUgzd0d0bkRWZjNkeEVrdUJoVGlwSVliTTd5RlRNMXY1MHd3QW8?oc=5","74","0.3","","58","0.3","","42","0.3",""
"Walgreens Boots Alliance","Retail & Consumer","61","Tier 2","32","yes","2026-09-28","66","0.3","","55","0.75","https://news.google.com/rss/articles/CBMizgFBVV95cUxOOTNNRXRwS1ZXbW9NV3lkNkZCQ3BpMmNLQ3JyU2FndlRHcUtsS2NXQnVrWld4YjJKZnBUOGRXb3NHUXhuMlNSUF8xYVJfNDlPOVZTeTR0YlNOT3ZCeTZwLUI2YUtvNzB5M1dXNGJzTHBfVjRwNGVwVU9oZExlQW1RMmRXTVJQZ3lpNjFZVU1pRmYtN2dhbmpDUjE0MmhqQWppcVpJOGJuQUNTT2g2blJVam1tRTJnQ1NUcGdXaE9PM1dtTkxMV0xwdkVvT2ltUQ?oc=5","74","0.3","","58","0.3","","42","0.3",""
"Duke Energy","Energy & Utilities","61","Tier 2","32","yes","2026-09-28","60","0.3","","71","0.75","https://news.google.com/rss/articles/CBMiuwFBVV95cUxNWWJUdDQ0RUJQdlFoblhMckNoNXFWeEJHcDlEQWY5TnoyRnFQUWU2eHNVRU56ZkVSdXhySXg3RU9IWUUzYkdLZVpjb2o3Q0F0YlVnM2VRMmlXU2ttTjEtekJfTnkzX0ctN2pFLUJqdzdLZkFSdkhpME5jYU9DZFdBREdDUmpGSkMwZFI2WDRuYVZLNlpOcnE3VzBwTGFQd25mMWFaSUV4Wkp3Q0dKR2QyeFJtYTZlNlpzXzZ3?oc=5","66","0.3","","55","0.3","","40","0.3",""
"Union Pacific","Logistics & Transportation","60","Tier 2","32","yes","2026-09-28","64","0.3","","63","0.75","https://news.google.com/rss/articles/CBMiekFVX3lxTE56MDFpM3NqNm11RWtfU2RickFwRFNYZzRTRFNJd2d1R1hEZnNHcTFtMXU1bUxIZy1Ca0g0RC1DLUxuQlpOLWxSX3lzc1Z1bVRYbktzcEZfTGRUYTV6MWVhN2I1am84UXVsSFBNeVhPaXItb2xNTGptUnBn?oc=5","72","0.3","","47","0.3","","40","0.3",""
"HCA Healthcare","Healthcare","59","Tier 3","32","yes","2026-09-28","68","0.3","","69","0.75","https://news.google.com/rss/articles/CBMisgFBVV95cUxQa0pCRDJwU0ZRRFBsYjM2UzVLNTNFOHFkQ0s0dDZPWTNxWkJCS3lBQlE3OTlfMVc1VkFHMnh2eWNkZjR6VmhmTXdCeDY0V19LSndVc0VVVUJ3Qmp5enZ6VTJmcXVocGJrTU9kVDR1MlJVX2dqZzNwSTQ2cU9GMl9iMU1EOE9xNXdCX0VVNzZSRElFRnRoeHdBSEk3Zmh0TkJrcjA4OFQ1bzhIS3FpZ1g0Z3Bn?oc=5","72","0.3","","27","0.3","","46","0.3",""
"Old Dominion","Logistics & Transportation","59","Tier 3","31","yes","2026-09-28","64","0.3","","59","0.75","https://news.google.com/rss/articles/CBMirgFBVV95cUxPdXllOW92Vl95cGhIc0ttMkI1ZkRmbXpQT2lDQmxXclY0eUpIUnEtRTlrQXl0NTdaaEd1dVpEY2V0aXU0TG91UXBWZXNPSUdWTlJaX1JPTEhuRDF0ZTNIWHluSGk3TlpTSVBueG56V2lXeW1ZSnhzcFNJc29FTml1bEVQSDlYUFhaZ1Bia2Y5QzZuYkdZM2dkbml6RmwtcG96ejg0a1BiNlpubUp6SGc?oc=5","72","0.3","","47","0.3","","40","0.3",""
"Lowe's","Retail & Consumer","58","Tier 3","33","yes","2026-09-28","66","0.3","","73","0.75","https://news.google.com/rss/articles/CBMiwwFBVV95cUxPTmEzTjlqaWc3eE5rRXBnYVNYQ21lNGQ1cFdYVFNINTJ5dXFsN2NVMklZVGF3ai02eVJfaDg4RG05YVNHZHQ1SHNVdk9vNWVhUEFIckVZM2lNenVBSi04UEVrMzFuX2ZoRlVpVjVSdlNQOTNNSFJkczVvRDdCZWFwUmlKRlV5WThSeGtFOFpnSjlfYU1PdUV0SDNxMzNkXzc1VWVXdVhWNTM5QVN1Z2V1cWZSTXZjU0RiTzEyem9FX3otY1k?oc=5","74","0.3","","21","0.3","","42","0.3",""
"Best Buy","Retail & Consumer","58","Tier 3","33","yes","2026-09-28","66","0.3","","73","0.75","https://news.google.com/rss/articles/CBMikgFBVV95cUxNakE4TjIybkhickJlNHBneVlhVURZNmpKMzFldEg2ZkFyQURNNkJTZW5CRHlpR05uY0VsLUlLblRYMk9DbUtsX2ZLVVBQaDUyVFZFOF9oVjdIRjZEUjFrMmdzTFBEWFpuVFBab2pxY3g1OFluM01zUU1VaktFLXVsYU5LSXR2cGprSG9GTUdhVFp1UdIBlwFBVV95cUxQUERkRlBnaFNlWlFITXowZGlTbnRZSUh1b3NlbEZDSHY2MklVRjc2LTJjN1ZMdjRubFU0ZzVNVGNxZEJOb3h3dDd5aFMwa3VqYlFhRzFZRy11RS1Edi1kbDlJdVM1X0ZJSF9ydlhma1NnWGJlU2FCSWlMakRuT25lMnBra0wwbXRXUG94NWs4ajVDalNRSDJZ?oc=5","74","0.3","","21","0.3","","42","0.3",""
"Kroger","Retail & Consumer","58","Tier 3","33","yes","2026-09-28","66","0.3","","73","0.75","https://news.google.com/rss/articles/CBMifkFVX3lxTE5sRWhLdkZCT2dMTzVrOUdRYkVMTjRPZVZmOWxRWmVzMl9yWkRVUHU5MTJ4SW5NYlc1R0RFeEZET25rVUZXaE0zYlNxNnVaNmNBTEpnRVpLVnNyMzJNWW1tMjk5a0liWDRGMjFkSS1UbmVqVXc2MjJLamhpWUxtUQ?oc=5","74","0.3","","21","0.3","","42","0.3",""
"Humana","Healthcare","57","Tier 3","32","yes","2026-09-28","68","0.3","","61","0.75","https://news.google.com/rss/articles/CBMiogFBVV95cUxNUFFpMUtFcDlZNm5NSURrYTVCRlpMZGtmUlh5dllORWE2a015MmtfY21iU2FESlhfUlU3Ukg1VGtVZWFGdjFmSUdGa0ZIeWVaQlEtakpvY0RxZUpzX092VERYUDd3THlsMUtHM21nVTJESFZDRG50dzRWVTJfVm1ESElPUGFEeVlIb3NpaVdEWDVSb0ZFZFBSdzdmTEhKeUhfekE?oc=5","72","0.3","","27","0.3","","46","0.3",""
"Dollar General","Retail & Consumer","56","Tier 3","32","no","2026-09-28","66","0.3","","67","0.75","https://news.google.com/rss/articles/CBMiiwFBVV95cUxPaUdQSWRjTUxqZ3hBSjItVTFmWUFWZk9yZHRHaG9sYzBxeXQ5YmhfWGhKU3MtUVRIcFJBQ21aejl2NE1rWFZwSmF6aEtRUURHUTRSWjByYldlRWdYa1VWaXh3RFJ3Y3NoUm05UGVzYWZiNGdzVDBCWWttT2N1Wm5UY0ZHS0J1aDFKTXA0?oc=5","74","0.3","","21","0.3","","42","0.3",""
"Dominion Energy","Energy & Utilities","56","Tier 3","27","no","2026-09-28","60","0.3","","53","0.75","https://news.google.com/rss/articles/CBMiuAFBVV95cUxQU3M3NllOdkpnZWRxSFBuVFVsYzQySDBIdVVjS3o3MG05Qy1WeUMwWl9jb21GTkE5OHk2bnJqcVJZQWo1aDFqQlFQaVExTU9CeWJ5NjNHdmZKM0pXOUl5VFdlQTZnQU92TUUwZUY5anNIMW1lZFRnYmdxTXBCcENETVJlRDVXVlRWRmNvclhJSThSeWo2WmhlZ19mNnJIbTVYSkFkZHVjY2ppSGhXM3hBaFhMYTFhZS02?oc=5","66","0.3","","55","0.3","","40","0.3",""
